config_id,theta_u2v,lambda_rec,delta_th,l_abn,k_cor,predefined_security_feasible,gate_transient_local_safety,gate_persistent_detectability,gate_verified_network,gate_rejected_gcs,gate_duplicate_report,gate_malicious_history_access,gate_legitimate_recovery,safety_feasible,t_local_action,d_local_s,t_network_action,d_network_s,t_normal_recovery,t_recovery_s,robust_neighbor_count,performance_rank,selected,infeasible_reason
JPS-001,0.3,0.25,0.05,2,2,False,,,,,,,,False,,,,,,,0,,False,INFEASIBLE_PREDEFINED_SECURITY_CONSTRAINT
JPS-002,0.3,0.25,0.05,2,3,True,False,True,True,True,True,True,True,False,17,1.0,19,3.0,1,1.0,1,,False,DYNAMIC_SAFETY_GATE_FAILURE
JPS-003,0.3,0.25,0.05,2,4,True,False,True,True,True,True,True,True,False,17,1.0,20,4.0,1,1.0,1,,False,DYNAMIC_SAFETY_GATE_FAILURE
JPS-004,0.3,0.25,0.05,3,2,False,,,,,,,,False,,,,,,,1,,False,INFEASIBLE_PREDEFINED_SECURITY_CONSTRAINT
JPS-005,0.3,0.25,0.05,3,3,True,True,True,True,True,True,True,True,True,18,2.0,20,4.0,1,1.0,5,2,False,
JPS-006,0.3,0.25,0.05,3,4,True,True,True,True,True,True,True,True,True,18,2.0,21,5.0,1,1.0,5,6,False,
JPS-007,0.3,0.25,0.05,4,2,False,,,,,,,,False,,,,,,,1,,False,INFEASIBLE_PREDEFINED_SECURITY_CONSTRAINT
JPS-008,0.3,0.25,0.05,4,3,True,True,True,True,True,True,True,True,True,19,3.0,21,5.0,1,1.0,5,14,False,
JPS-009,0.3,0.25,0.05,4,4,True,True,True,True,True,True,True,True,True,19,3.0,22,6.0,1,1.0,5,18,False,
JPS-010,0.3,0.25,0.1,2,2,False,,,,,,,,False,,,,,,,0,,False,INFEASIBLE_PREDEFINED_SECURITY_CONSTRAINT
JPS-011,0.3,0.25,0.1,2,3,True,False,True,True,True,True,True,True,False,17,1.0,19,3.0,1,1.0,1,,False,DYNAMIC_SAFETY_GATE_FAILURE
JPS-012,0.3,0.25,0.1,2,4,True,False,True,True,True,True,True,True,False,17,1.0,20,4.0,1,1.0,1,,False,DYNAMIC_SAFETY_GATE_FAILURE
JPS-013,0.3,0.25,0.1,3,2,False,,,,,,,,False,,,,,,,1,,False,INFEASIBLE_PREDEFINED_SECURITY_CONSTRAINT
JPS-014,0.3,0.25,0.1,3,3,True,True,True,True,True,True,True,True,True,18,2.0,20,4.0,1,1.0,6,2,False,
JPS-015,0.3,0.25,0.1,3,4,True,True,True,True,True,True,True,True,True,18,2.0,21,5.0,1,1.0,6,6,False,
JPS-016,0.3,0.25,0.1,4,2,False,,,,,,,,False,,,,,,,1,,False,INFEASIBLE_PREDEFINED_SECURITY_CONSTRAINT
JPS-017,0.3,0.25,0.1,4,3,True,True,True,True,True,True,True,True,True,19,3.0,21,5.0,1,1.0,6,14,False,
JPS-018,0.3,0.25,0.1,4,4,True,True,True,True,True,True,True,True,True,19,3.0,22,6.0,1,1.0,6,18,False,
JPS-019,0.3,0.25,0.15,2,2,False,,,,,,,,False,,,,,,,0,,False,INFEASIBLE_PREDEFINED_SECURITY_CONSTRAINT
JPS-020,0.3,0.25,0.15,2,3,True,False,True,True,True,True,True,True,False,17,1.0,19,3.0,1,1.0,1,,False,DYNAMIC_SAFETY_GATE_FAILURE
JPS-021,0.3,0.25,0.15,2,4,True,False,True,True,True,True,True,True,False,17,1.0,20,4.0,1,1.0,1,,False,DYNAMIC_SAFETY_GATE_FAILURE
JPS-022,0.3,0.25,0.15,3,2,False,,,,,,,,False,,,,,,,1,,False,INFEASIBLE_PREDEFINED_SECURITY_CONSTRAINT
JPS-023,0.3,0.25,0.15,3,3,True,True,True,True,True,True,True,True,True,18,2.0,20,4.0,1,1.0,5,2,False,
JPS-024,0.3,0.25,0.15,3,4,True,True,True,True,True,True,True,True,True,18,2.0,21,5.0,1,1.0,5,6,False,
JPS-025,0.3,0.25,0.15,4,2,False,,,,,,,,False,,,,,,,1,,False,INFEASIBLE_PREDEFINED_SECURITY_CONSTRAINT
JPS-026,0.3,0.25,0.15,4,3,True,True,True,True,True,True,True,True,True,19,3.0,20,4.0,1,1.0,5,10,False,
JPS-027,0.3,0.25,0.15,4,4,True,True,True,True,True,True,True,True,True,19,3.0,21,5.0,1,1.0,5,14,False,
JPS-028,0.3,0.5,0.05,2,2,False,,,,,,,,False,,,,,,,0,,False,INFEASIBLE_PREDEFINED_SECURITY_CONSTRAINT
JPS-029,0.3,0.5,0.05,2,3,True,False,True,True,True,True,True,True,False,17,1.0,19,3.0,0,0.0,1,,False,DYNAMIC_SAFETY_GATE_FAILURE
JPS-030,0.3,0.5,0.05,2,4,True,False,True,True,True,True,True,True,False,17,1.0,20,4.0,0,0.0,1,,False,DYNAMIC_SAFETY_GATE_FAILURE
JPS-031,0.3,0.5,0.05,3,2,False,,,,,,,,False,,,,,,,1,,False,INFEASIBLE_PREDEFINED_SECURITY_CONSTRAINT
JPS-032,0.3,0.5,0.05,3,3,True,True,True,True,True,True,True,True,True,18,2.0,20,4.0,0,0.0,6,1,False,
JPS-033,0.3,0.5,0.05,3,4,True,True,True,True,True,True,True,True,True,18,2.0,21,5.0,0,0.0,6,5,False,
JPS-034,0.3,0.5,0.05,4,2,False,,,,,,,,False,,,,,,,1,,False,INFEASIBLE_PREDEFINED_SECURITY_CONSTRAINT
JPS-035,0.3,0.5,0.05,4,3,True,True,True,True,True,True,True,True,True,19,3.0,21,5.0,0,0.0,6,13,False,
JPS-036,0.3,0.5,0.05,4,4,True,True,True,True,True,True,True,True,True,19,3.0,22,6.0,0,0.0,6,17,False,
JPS-037,0.3,0.5,0.1,2,2,False,,,,,,,,False,,,,,,,0,,False,INFEASIBLE_PREDEFINED_SECURITY_CONSTRAINT
JPS-038,0.3,0.5,0.1,2,3,True,False,True,True,True,True,True,True,False,17,1.0,19,3.0,0,0.0,1,,False,DYNAMIC_SAFETY_GATE_FAILURE
JPS-039,0.3,0.5,0.1,2,4,True,False,True,True,True,True,True,True,False,17,1.0,20,4.0,0,0.0,1,,False,DYNAMIC_SAFETY_GATE_FAILURE
JPS-040,0.3,0.5,0.1,3,2,False,,,,,,,,False,,,,,,,1,,False,INFEASIBLE_PREDEFINED_SECURITY_CONSTRAINT
JPS-041,0.3,0.5,0.1,3,3,True,True,True,True,True,True,True,True,True,18,2.0,20,4.0,0,0.0,7,1,False,
JPS-042,0.3,0.5,0.1,3,4,True,True,True,True,True,True,True,True,True,18,2.0,21,5.0,0,0.0,7,5,False,
JPS-043,0.3,0.5,0.1,4,2,False,,,,,,,,False,,,,,,,1,,False,INFEASIBLE_PREDEFINED_SECURITY_CONSTRAINT
JPS-044,0.3,0.5,0.1,4,3,True,True,True,True,True,True,True,True,True,19,3.0,21,5.0,0,0.0,7,13,False,
JPS-045,0.3,0.5,0.1,4,4,True,True,True,True,True,True,True,True,True,19,3.0,22,6.0,0,0.0,7,17,False,
JPS-046,0.3,0.5,0.15,2,2,False,,,,,,,,False,,,,,,,0,,False,INFEASIBLE_PREDEFINED_SECURITY_CONSTRAINT
JPS-047,0.3,0.5,0.15,2,3,True,False,True,True,True,True,True,True,False,17,1.0,19,3.0,0,0.0,1,,False,DYNAMIC_SAFETY_GATE_FAILURE
JPS-048,0.3,0.5,0.15,2,4,True,False,True,True,True,True,True,True,False,17,1.0,20,4.0,0,0.0,1,,False,DYNAMIC_SAFETY_GATE_FAILURE
JPS-049,0.3,0.5,0.15,3,2,False,,,,,,,,False,,,,,,,1,,False,INFEASIBLE_PREDEFINED_SECURITY_CONSTRAINT
JPS-050,0.3,0.5,0.15,3,3,True,True,True,True,True,True,True,True,True,18,2.0,20,4.0,0,0.0,6,1,False,
JPS-051,0.3,0.5,0.15,3,4,True,True,True,True,True,True,True,True,True,18,2.0,21,5.0,0,0.0,6,5,False,
JPS-052,0.3,0.5,0.15,4,2,False,,,,,,,,False,,,,,,,1,,False,INFEASIBLE_PREDEFINED_SECURITY_CONSTRAINT
JPS-053,0.3,0.5,0.15,4,3,True,True,True,True,True,True,True,True,True,19,3.0,20,4.0,0,0.0,6,9,False,
JPS-054,0.3,0.5,0.15,4,4,True,True,True,True,True,True,True,True,True,19,3.0,21,5.0,0,0.0,6,13,False,
JPS-055,0.3,0.75,0.05,2,2,False,,,,,,,,False,,,,,,,0,,False,INFEASIBLE_PREDEFINED_SECURITY_CONSTRAINT
JPS-056,0.3,0.75,0.05,2,3,True,False,True,True,True,True,True,True,False,17,1.0,19,3.0,0,0.0,1,,False,DYNAMIC_SAFETY_GATE_FAILURE
JPS-057,0.3,0.75,0.05,2,4,True,False,True,True,True,True,True,True,False,17,1.0,20,4.0,0,0.0,1,,False,DYNAMIC_SAFETY_GATE_FAILURE
JPS-058,0.3,0.75,0.05,3,2,False,,,,,,,,False,,,,,,,1,,False,INFEASIBLE_PREDEFINED_SECURITY_CONSTRAINT
JPS-059,0.3,0.75,0.05,3,3,True,True,True,True,True,True,True,True,True,18,2.0,20,4.0,0,0.0,5,1,False,
JPS-060,0.3,0.75,0.05,3,4,True,True,True,True,True,True,True,True,True,18,2.0,21,5.0,0,0.0,5,5,False,
JPS-061,0.3,0.75,0.05,4,2,False,,,,,,,,False,,,,,,,1,,False,INFEASIBLE_PREDEFINED_SECURITY_CONSTRAINT
JPS-062,0.3,0.75,0.05,4,3,True,True,True,True,True,True,True,True,True,19,3.0,21,5.0,0,0.0,5,13,False,
JPS-063,0.3,0.75,0.05,4,4,True,True,True,True,True,True,True,True,True,19,3.0,22,6.0,0,0.0,5,17,False,
JPS-064,0.3,0.75,0.1,2,2,False,,,,,,,,False,,,,,,,0,,False,INFEASIBLE_PREDEFINED_SECURITY_CONSTRAINT
JPS-065,0.3,0.75,0.1,2,3,True,False,True,True,True,True,True,True,False,17,1.0,19,3.0,0,0.0,1,,False,DYNAMIC_SAFETY_GATE_FAILURE
JPS-066,0.3,0.75,0.1,2,4,True,False,True,True,True,True,True,True,False,17,1.0,20,4.0,0,0.0,1,,False,DYNAMIC_SAFETY_GATE_FAILURE
JPS-067,0.3,0.75,0.1,3,2,False,,,,,,,,False,,,,,,,1,,False,INFEASIBLE_PREDEFINED_SECURITY_CONSTRAINT
JPS-068,0.3,0.75,0.1,3,3,True,True,True,True,True,True,True,True,True,18,2.0,20,4.0,0,0.0,6,1,False,
JPS-069,0.3,0.75,0.1,3,4,True,True,True,True,True,True,True,True,True,18,2.0,21,5.0,0,0.0,6,5,False,
JPS-070,0.3,0.75,0.1,4,2,False,,,,,,,,False,,,,,,,1,,False,INFEASIBLE_PREDEFINED_SECURITY_CONSTRAINT
JPS-071,0.3,0.75,0.1,4,3,True,True,True,True,True,True,True,True,True,19,3.0,21,5.0,0,0.0,6,13,False,
JPS-072,0.3,0.75,0.1,4,4,True,True,True,True,True,True,True,True,True,19,3.0,22,6.0,0,0.0,6,17,False,
JPS-073,0.3,0.75,0.15,2,2,False,,,,,,,,False,,,,,,,0,,False,INFEASIBLE_PREDEFINED_SECURITY_CONSTRAINT
JPS-074,0.3,0.75,0.15,2,3,True,False,True,True,True,True,True,True,False,17,1.0,19,3.0,0,0.0,1,,False,DYNAMIC_SAFETY_GATE_FAILURE
JPS-075,0.3,0.75,0.15,2,4,True,False,True,True,True,True,True,True,False,17,1.0,20,4.0,0,0.0,1,,False,DYNAMIC_SAFETY_GATE_FAILURE
JPS-076,0.3,0.75,0.15,3,2,False,,,,,,,,False,,,,,,,1,,False,INFEASIBLE_PREDEFINED_SECURITY_CONSTRAINT
JPS-077,0.3,0.75,0.15,3,3,True,True,True,True,True,True,True,True,True,18,2.0,20,4.0,0,0.0,5,1,False,
JPS-078,0.3,0.75,0.15,3,4,True,True,True,True,True,True,True,True,True,18,2.0,21,5.0,0,0.0,5,5,False,
JPS-079,0.3,0.75,0.15,4,2,False,,,,,,,,False,,,,,,,1,,False,INFEASIBLE_PREDEFINED_SECURITY_CONSTRAINT
JPS-080,0.3,0.75,0.15,4,3,True,True,True,True,True,True,True,True,True,19,3.0,20,4.0,0,0.0,5,9,False,
JPS-081,0.3,0.75,0.15,4,4,True,True,True,True,True,True,True,True,True,19,3.0,21,5.0,0,0.0,5,13,False,
JPS-082,0.4,0.25,0.05,2,2,False,,,,,,,,False,,,,,,,0,,False,INFEASIBLE_PREDEFINED_SECURITY_CONSTRAINT
JPS-083,0.4,0.25,0.05,2,3,True,False,True,True,True,True,True,True,False,17,1.0,19,3.0,2,2.0,1,,False,DYNAMIC_SAFETY_GATE_FAILURE
JPS-084,0.4,0.25,0.05,2,4,True,False,True,True,True,True,True,True,False,17,1.0,20,4.0,2,2.0,1,,False,DYNAMIC_SAFETY_GATE_FAILURE
JPS-085,0.4,0.25,0.05,3,2,False,,,,,,,,False,,,,,,,1,,False,INFEASIBLE_PREDEFINED_SECURITY_CONSTRAINT
JPS-086,0.4,0.25,0.05,3,3,True,True,True,True,True,True,True,True,True,18,2.0,20,4.0,2,2.0,6,3,False,
JPS-087,0.4,0.25,0.05,3,4,True,True,True,True,True,True,True,True,True,18,2.0,21,5.0,2,2.0,6,7,False,
JPS-088,0.4,0.25,0.05,4,2,False,,,,,,,,False,,,,,,,1,,False,INFEASIBLE_PREDEFINED_SECURITY_CONSTRAINT
JPS-089,0.4,0.25,0.05,4,3,True,True,True,True,True,True,True,True,True,19,3.0,21,5.0,2,2.0,6,15,False,
JPS-090,0.4,0.25,0.05,4,4,True,True,True,True,True,True,True,True,True,19,3.0,22,6.0,2,2.0,6,19,False,
JPS-091,0.4,0.25,0.1,2,2,False,,,,,,,,False,,,,,,,0,,False,INFEASIBLE_PREDEFINED_SECURITY_CONSTRAINT
JPS-092,0.4,0.25,0.1,2,3,True,False,True,True,True,True,True,True,False,17,1.0,19,3.0,2,2.0,1,,False,DYNAMIC_SAFETY_GATE_FAILURE
JPS-093,0.4,0.25,0.1,2,4,True,False,True,True,True,True,True,True,False,17,1.0,20,4.0,2,2.0,1,,False,DYNAMIC_SAFETY_GATE_FAILURE
JPS-094,0.4,0.25,0.1,3,2,False,,,,,,,,False,,,,,,,1,,False,INFEASIBLE_PREDEFINED_SECURITY_CONSTRAINT
JPS-095,0.4,0.25,0.1,3,3,True,True,True,True,True,True,True,True,True,18,2.0,20,4.0,2,2.0,7,3,False,
JPS-096,0.4,0.25,0.1,3,4,True,True,True,True,True,True,True,True,True,18,2.0,21,5.0,2,2.0,7,7,False,
JPS-097,0.4,0.25,0.1,4,2,False,,,,,,,,False,,,,,,,1,,False,INFEASIBLE_PREDEFINED_SECURITY_CONSTRAINT
JPS-098,0.4,0.25,0.1,4,3,True,True,True,True,True,True,True,True,True,19,3.0,21,5.0,2,2.0,7,15,False,
JPS-099,0.4,0.25,0.1,4,4,True,True,True,True,True,True,True,True,True,19,3.0,22,6.0,2,2.0,7,19,False,
JPS-100,0.4,0.25,0.15,2,2,False,,,,,,,,False,,,,,,,0,,False,INFEASIBLE_PREDEFINED_SECURITY_CONSTRAINT
JPS-101,0.4,0.25,0.15,2,3,True,False,True,True,True,True,True,True,False,17,1.0,19,3.0,2,2.0,1,,False,DYNAMIC_SAFETY_GATE_FAILURE
JPS-102,0.4,0.25,0.15,2,4,True,False,True,True,True,True,True,True,False,17,1.0,20,4.0,2,2.0,1,,False,DYNAMIC_SAFETY_GATE_FAILURE
JPS-103,0.4,0.25,0.15,3,2,False,,,,,,,,False,,,,,,,1,,False,INFEASIBLE_PREDEFINED_SECURITY_CONSTRAINT
JPS-104,0.4,0.25,0.15,3,3,True,True,True,True,True,True,True,True,True,18,2.0,20,4.0,2,2.0,6,3,False,
JPS-105,0.4,0.25,0.15,3,4,True,True,True,True,True,True,True,True,True,18,2.0,21,5.0,2,2.0,6,7,False,
JPS-106,0.4,0.25,0.15,4,2,False,,,,,,,,False,,,,,,,1,,False,INFEASIBLE_PREDEFINED_SECURITY_CONSTRAINT
JPS-107,0.4,0.25,0.15,4,3,True,True,True,True,True,True,True,True,True,19,3.0,20,4.0,2,2.0,6,11,False,
JPS-108,0.4,0.25,0.15,4,4,True,True,True,True,True,True,True,True,True,19,3.0,21,5.0,2,2.0,6,15,False,
JPS-109,0.4,0.5,0.05,2,2,False,,,,,,,,False,,,,,,,0,,False,INFEASIBLE_PREDEFINED_SECURITY_CONSTRAINT
JPS-110,0.4,0.5,0.05,2,3,True,False,True,True,True,True,True,True,False,17,1.0,19,3.0,0,0.0,1,,False,DYNAMIC_SAFETY_GATE_FAILURE
JPS-111,0.4,0.5,0.05,2,4,True,False,True,True,True,True,True,True,False,17,1.0,20,4.0,0,0.0,1,,False,DYNAMIC_SAFETY_GATE_FAILURE
JPS-112,0.4,0.5,0.05,3,2,False,,,,,,,,False,,,,,,,1,,False,INFEASIBLE_PREDEFINED_SECURITY_CONSTRAINT
JPS-113,0.4,0.5,0.05,3,3,True,True,True,True,True,True,True,True,True,18,2.0,20,4.0,0,0.0,7,1,False,
JPS-114,0.4,0.5,0.05,3,4,True,True,True,True,True,True,True,True,True,18,2.0,21,5.0,0,0.0,7,5,False,
JPS-115,0.4,0.5,0.05,4,2,False,,,,,,,,False,,,,,,,1,,False,INFEASIBLE_PREDEFINED_SECURITY_CONSTRAINT
JPS-116,0.4,0.5,0.05,4,3,True,True,True,True,True,True,True,True,True,19,3.0,21,5.0,0,0.0,7,13,False,
JPS-117,0.4,0.5,0.05,4,4,True,True,True,True,True,True,True,True,True,19,3.0,22,6.0,0,0.0,7,17,False,
JPS-118,0.4,0.5,0.1,2,2,False,,,,,,,,False,,,,,,,0,,False,INFEASIBLE_PREDEFINED_SECURITY_CONSTRAINT
JPS-119,0.4,0.5,0.1,2,3,True,False,True,True,True,True,True,True,False,17,1.0,19,3.0,0,0.0,1,,False,DYNAMIC_SAFETY_GATE_FAILURE
JPS-120,0.4,0.5,0.1,2,4,True,False,True,True,True,True,True,True,False,17,1.0,20,4.0,0,0.0,1,,False,DYNAMIC_SAFETY_GATE_FAILURE
JPS-121,0.4,0.5,0.1,3,2,False,,,,,,,,False,,,,,,,1,,False,INFEASIBLE_PREDEFINED_SECURITY_CONSTRAINT
JPS-122,0.4,0.5,0.1,3,3,True,True,True,True,True,True,True,True,True,18,2.0,20,4.0,0,0.0,8,1,True,
JPS-123,0.4,0.5,0.1,3,4,True,True,True,True,True,True,True,True,True,18,2.0,21,5.0,0,0.0,8,5,False,
JPS-124,0.4,0.5,0.1,4,2,False,,,,,,,,False,,,,,,,1,,False,INFEASIBLE_PREDEFINED_SECURITY_CONSTRAINT
JPS-125,0.4,0.5,0.1,4,3,True,True,True,True,True,True,True,True,True,19,3.0,21,5.0,0,0.0,8,13,False,
JPS-126,0.4,0.5,0.1,4,4,True,True,True,True,True,True,True,True,True,19,3.0,22,6.0,0,0.0,8,17,False,
JPS-127,0.4,0.5,0.15,2,2,False,,,,,,,,False,,,,,,,0,,False,INFEASIBLE_PREDEFINED_SECURITY_CONSTRAINT
JPS-128,0.4,0.5,0.15,2,3,True,False,True,True,True,True,True,True,False,17,1.0,19,3.0,0,0.0,1,,False,DYNAMIC_SAFETY_GATE_FAILURE
JPS-129,0.4,0.5,0.15,2,4,True,False,True,True,True,True,True,True,False,17,1.0,20,4.0,0,0.0,1,,False,DYNAMIC_SAFETY_GATE_FAILURE
JPS-130,0.4,0.5,0.15,3,2,False,,,,,,,,False,,,,,,,1,,False,INFEASIBLE_PREDEFINED_SECURITY_CONSTRAINT
JPS-131,0.4,0.5,0.15,3,3,True,True,True,True,True,True,True,True,True,18,2.0,20,4.0,0,0.0,7,1,False,
JPS-132,0.4,0.5,0.15,3,4,True,True,True,True,True,True,True,True,True,18,2.0,21,5.0,0,0.0,7,5,False,
JPS-133,0.4,0.5,0.15,4,2,False,,,,,,,,False,,,,,,,1,,False,INFEASIBLE_PREDEFINED_SECURITY_CONSTRAINT
JPS-134,0.4,0.5,0.15,4,3,True,True,True,True,True,True,True,True,True,19,3.0,20,4.0,0,0.0,7,9,False,
JPS-135,0.4,0.5,0.15,4,4,True,True,True,True,True,True,True,True,True,19,3.0,21,5.0,0,0.0,7,13,False,
JPS-136,0.4,0.75,0.05,2,2,False,,,,,,,,False,,,,,,,0,,False,INFEASIBLE_PREDEFINED_SECURITY_CONSTRAINT
JPS-137,0.4,0.75,0.05,2,3,True,False,True,True,True,True,True,True,False,17,1.0,19,3.0,0,0.0,1,,False,DYNAMIC_SAFETY_GATE_FAILURE
JPS-138,0.4,0.75,0.05,2,4,True,False,True,True,True,True,True,True,False,17,1.0,20,4.0,0,0.0,1,,False,DYNAMIC_SAFETY_GATE_FAILURE
JPS-139,0.4,0.75,0.05,3,2,False,,,,,,,,False,,,,,,,1,,False,INFEASIBLE_PREDEFINED_SECURITY_CONSTRAINT
JPS-140,0.4,0.75,0.05,3,3,True,True,True,True,True,True,True,True,True,18,2.0,20,4.0,0,0.0,6,1,False,
JPS-141,0.4,0.75,0.05,3,4,True,True,True,True,True,True,True,True,True,18,2.0,21,5.0,0,0.0,6,5,False,
JPS-142,0.4,0.75,0.05,4,2,False,,,,,,,,False,,,,,,,1,,False,INFEASIBLE_PREDEFINED_SECURITY_CONSTRAINT
JPS-143,0.4,0.75,0.05,4,3,True,True,True,True,True,True,True,True,True,19,3.0,21,5.0,0,0.0,6,13,False,
JPS-144,0.4,0.75,0.05,4,4,True,True,True,True,True,True,True,True,True,19,3.0,22,6.0,0,0.0,6,17,False,
JPS-145,0.4,0.75,0.1,2,2,False,,,,,,,,False,,,,,,,0,,False,INFEASIBLE_PREDEFINED_SECURITY_CONSTRAINT
JPS-146,0.4,0.75,0.1,2,3,True,False,True,True,True,True,True,True,False,17,1.0,19,3.0,0,0.0,1,,False,DYNAMIC_SAFETY_GATE_FAILURE
JPS-147,0.4,0.75,0.1,2,4,True,False,True,True,True,True,True,True,False,17,1.0,20,4.0,0,0.0,1,,False,DYNAMIC_SAFETY_GATE_FAILURE
JPS-148,0.4,0.75,0.1,3,2,False,,,,,,,,False,,,,,,,1,,False,INFEASIBLE_PREDEFINED_SECURITY_CONSTRAINT
JPS-149,0.4,0.75,0.1,3,3,True,True,True,True,True,True,True,True,True,18,2.0,20,4.0,0,0.0,7,1,False,
JPS-150,0.4,0.75,0.1,3,4,True,True,True,True,True,True,True,True,True,18,2.0,21,5.0,0,0.0,7,5,False,
JPS-151,0.4,0.75,0.1,4,2,False,,,,,,,,False,,,,,,,1,,False,INFEASIBLE_PREDEFINED_SECURITY_CONSTRAINT
JPS-152,0.4,0.75,0.1,4,3,True,True,True,True,True,True,True,True,True,19,3.0,21,5.0,0,0.0,7,13,False,
JPS-153,0.4,0.75,0.1,4,4,True,True,True,True,True,True,True,True,True,19,3.0,22,6.0,0,0.0,7,17,False,
JPS-154,0.4,0.75,0.15,2,2,False,,,,,,,,False,,,,,,,0,,False,INFEASIBLE_PREDEFINED_SECURITY_CONSTRAINT
JPS-155,0.4,0.75,0.15,2,3,True,False,True,True,True,True,True,True,False,17,1.0,19,3.0,0,0.0,1,,False,DYNAMIC_SAFETY_GATE_FAILURE
JPS-156,0.4,0.75,0.15,2,4,True,False,True,True,True,True,True,True,False,17,1.0,20,4.0,0,0.0,1,,False,DYNAMIC_SAFETY_GATE_FAILURE
JPS-157,0.4,0.75,0.15,3,2,False,,,,,,,,False,,,,,,,1,,False,INFEASIBLE_PREDEFINED_SECURITY_CONSTRAINT
JPS-158,0.4,0.75,0.15,3,3,True,True,True,True,True,True,True,True,True,18,2.0,20,4.0,0,0.0,6,1,False,
JPS-159,0.4,0.75,0.15,3,4,True,True,True,True,True,True,True,True,True,18,2.0,21,5.0,0,0.0,6,5,False,
JPS-160,0.4,0.75,0.15,4,2,False,,,,,,,,False,,,,,,,1,,False,INFEASIBLE_PREDEFINED_SECURITY_CONSTRAINT
JPS-161,0.4,0.75,0.15,4,3,True,True,True,True,True,True,True,True,True,19,3.0,20,4.0,0,0.0,6,9,False,
JPS-162,0.4,0.75,0.15,4,4,True,True,True,True,True,True,True,True,True,19,3.0,21,5.0,0,0.0,6,13,False,
JPS-163,0.5,0.25,0.05,2,2,False,,,,,,,,False,,,,,,,0,,False,INFEASIBLE_PREDEFINED_SECURITY_CONSTRAINT
JPS-164,0.5,0.25,0.05,2,3,True,False,True,True,True,True,True,True,False,17,1.0,19,3.0,3,3.0,1,,False,DYNAMIC_SAFETY_GATE_FAILURE
JPS-165,0.5,0.25,0.05,2,4,True,False,True,True,True,True,True,True,False,17,1.0,20,4.0,3,3.0,1,,False,DYNAMIC_SAFETY_GATE_FAILURE
JPS-166,0.5,0.25,0.05,3,2,False,,,,,,,,False,,,,,,,1,,False,INFEASIBLE_PREDEFINED_SECURITY_CONSTRAINT
JPS-167,0.5,0.25,0.05,3,3,True,True,True,True,True,True,True,True,True,18,2.0,20,4.0,3,3.0,5,4,False,
JPS-168,0.5,0.25,0.05,3,4,True,True,True,True,True,True,True,True,True,18,2.0,21,5.0,3,3.0,5,8,False,
JPS-169,0.5,0.25,0.05,4,2,False,,,,,,,,False,,,,,,,1,,False,INFEASIBLE_PREDEFINED_SECURITY_CONSTRAINT
JPS-170,0.5,0.25,0.05,4,3,True,True,True,True,True,True,True,True,True,19,3.0,21,5.0,3,3.0,5,16,False,
JPS-171,0.5,0.25,0.05,4,4,True,True,True,True,True,True,True,True,True,19,3.0,22,6.0,3,3.0,5,20,False,
JPS-172,0.5,0.25,0.1,2,2,False,,,,,,,,False,,,,,,,0,,False,INFEASIBLE_PREDEFINED_SECURITY_CONSTRAINT
JPS-173,0.5,0.25,0.1,2,3,True,False,True,True,True,True,True,True,False,17,1.0,19,3.0,3,3.0,1,,False,DYNAMIC_SAFETY_GATE_FAILURE
JPS-174,0.5,0.25,0.1,2,4,True,False,True,True,True,True,True,True,False,17,1.0,20,4.0,3,3.0,1,,False,DYNAMIC_SAFETY_GATE_FAILURE
JPS-175,0.5,0.25,0.1,3,2,False,,,,,,,,False,,,,,,,1,,False,INFEASIBLE_PREDEFINED_SECURITY_CONSTRAINT
JPS-176,0.5,0.25,0.1,3,3,True,True,True,True,True,True,True,True,True,18,2.0,20,4.0,3,3.0,6,4,False,
JPS-177,0.5,0.25,0.1,3,4,True,True,True,True,True,True,True,True,True,18,2.0,21,5.0,3,3.0,6,8,False,
JPS-178,0.5,0.25,0.1,4,2,False,,,,,,,,False,,,,,,,1,,False,INFEASIBLE_PREDEFINED_SECURITY_CONSTRAINT
JPS-179,0.5,0.25,0.1,4,3,True,True,True,True,True,True,True,True,True,19,3.0,21,5.0,3,3.0,6,16,False,
JPS-180,0.5,0.25,0.1,4,4,True,True,True,True,True,True,True,True,True,19,3.0,22,6.0,3,3.0,6,20,False,
JPS-181,0.5,0.25,0.15,2,2,False,,,,,,,,False,,,,,,,0,,False,INFEASIBLE_PREDEFINED_SECURITY_CONSTRAINT
JPS-182,0.5,0.25,0.15,2,3,True,False,True,True,True,True,True,True,False,17,1.0,19,3.0,3,3.0,1,,False,DYNAMIC_SAFETY_GATE_FAILURE
JPS-183,0.5,0.25,0.15,2,4,True,False,True,True,True,True,True,True,False,17,1.0,20,4.0,3,3.0,1,,False,DYNAMIC_SAFETY_GATE_FAILURE
JPS-184,0.5,0.25,0.15,3,2,False,,,,,,,,False,,,,,,,1,,False,INFEASIBLE_PREDEFINED_SECURITY_CONSTRAINT
JPS-185,0.5,0.25,0.15,3,3,True,True,True,True,True,True,True,True,True,18,2.0,20,4.0,3,3.0,5,4,False,
JPS-186,0.5,0.25,0.15,3,4,True,True,True,True,True,True,True,True,True,18,2.0,21,5.0,3,3.0,5,8,False,
JPS-187,0.5,0.25,0.15,4,2,False,,,,,,,,False,,,,,,,1,,False,INFEASIBLE_PREDEFINED_SECURITY_CONSTRAINT
JPS-188,0.5,0.25,0.15,4,3,True,True,True,True,True,True,True,True,True,19,3.0,20,4.0,3,3.0,5,12,False,
JPS-189,0.5,0.25,0.15,4,4,True,True,True,True,True,True,True,True,True,19,3.0,21,5.0,3,3.0,5,16,False,
JPS-190,0.5,0.5,0.05,2,2,False,,,,,,,,False,,,,,,,0,,False,INFEASIBLE_PREDEFINED_SECURITY_CONSTRAINT
JPS-191,0.5,0.5,0.05,2,3,True,False,True,True,True,True,True,True,False,17,1.0,19,3.0,2,2.0,1,,False,DYNAMIC_SAFETY_GATE_FAILURE
JPS-192,0.5,0.5,0.05,2,4,True,False,True,True,True,True,True,True,False,17,1.0,20,4.0,2,2.0,1,,False,DYNAMIC_SAFETY_GATE_FAILURE
JPS-193,0.5,0.5,0.05,3,2,False,,,,,,,,False,,,,,,,1,,False,INFEASIBLE_PREDEFINED_SECURITY_CONSTRAINT
JPS-194,0.5,0.5,0.05,3,3,True,True,True,True,True,True,True,True,True,18,2.0,20,4.0,2,2.0,6,3,False,
JPS-195,0.5,0.5,0.05,3,4,True,True,True,True,True,True,True,True,True,18,2.0,21,5.0,2,2.0,6,7,False,
JPS-196,0.5,0.5,0.05,4,2,False,,,,,,,,False,,,,,,,1,,False,INFEASIBLE_PREDEFINED_SECURITY_CONSTRAINT
JPS-197,0.5,0.5,0.05,4,3,True,True,True,True,True,True,True,True,True,19,3.0,21,5.0,2,2.0,6,15,False,
JPS-198,0.5,0.5,0.05,4,4,True,True,True,True,True,True,True,True,True,19,3.0,22,6.0,2,2.0,6,19,False,
JPS-199,0.5,0.5,0.1,2,2,False,,,,,,,,False,,,,,,,0,,False,INFEASIBLE_PREDEFINED_SECURITY_CONSTRAINT
JPS-200,0.5,0.5,0.1,2,3,True,False,True,True,True,True,True,True,False,17,1.0,19,3.0,2,2.0,1,,False,DYNAMIC_SAFETY_GATE_FAILURE
JPS-201,0.5,0.5,0.1,2,4,True,False,True,True,True,True,True,True,False,17,1.0,20,4.0,2,2.0,1,,False,DYNAMIC_SAFETY_GATE_FAILURE
JPS-202,0.5,0.5,0.1,3,2,False,,,,,,,,False,,,,,,,1,,False,INFEASIBLE_PREDEFINED_SECURITY_CONSTRAINT
JPS-203,0.5,0.5,0.1,3,3,True,True,True,True,True,True,True,True,True,18,2.0,20,4.0,2,2.0,7,3,False,
JPS-204,0.5,0.5,0.1,3,4,True,True,True,True,True,True,True,True,True,18,2.0,21,5.0,2,2.0,7,7,False,
JPS-205,0.5,0.5,0.1,4,2,False,,,,,,,,False,,,,,,,1,,False,INFEASIBLE_PREDEFINED_SECURITY_CONSTRAINT
JPS-206,0.5,0.5,0.1,4,3,True,True,True,True,True,True,True,True,True,19,3.0,21,5.0,2,2.0,7,15,False,
JPS-207,0.5,0.5,0.1,4,4,True,True,True,True,True,True,True,True,True,19,3.0,22,6.0,2,2.0,7,19,False,
JPS-208,0.5,0.5,0.15,2,2,False,,,,,,,,False,,,,,,,0,,False,INFEASIBLE_PREDEFINED_SECURITY_CONSTRAINT
JPS-209,0.5,0.5,0.15,2,3,True,False,True,True,True,True,True,True,False,17,1.0,19,3.0,2,2.0,1,,False,DYNAMIC_SAFETY_GATE_FAILURE
JPS-210,0.5,0.5,0.15,2,4,True,False,True,True,True,True,True,True,False,17,1.0,20,4.0,2,2.0,1,,False,DYNAMIC_SAFETY_GATE_FAILURE
JPS-211,0.5,0.5,0.15,3,2,False,,,,,,,,False,,,,,,,1,,False,INFEASIBLE_PREDEFINED_SECURITY_CONSTRAINT
JPS-212,0.5,0.5,0.15,3,3,True,True,True,True,True,True,True,True,True,18,2.0,20,4.0,2,2.0,6,3,False,
JPS-213,0.5,0.5,0.15,3,4,True,True,True,True,True,True,True,True,True,18,2.0,21,5.0,2,2.0,6,7,False,
JPS-214,0.5,0.5,0.15,4,2,False,,,,,,,,False,,,,,,,1,,False,INFEASIBLE_PREDEFINED_SECURITY_CONSTRAINT
JPS-215,0.5,0.5,0.15,4,3,True,True,True,True,True,True,True,True,True,19,3.0,20,4.0,2,2.0,6,11,False,
JPS-216,0.5,0.5,0.15,4,4,True,True,True,True,True,True,True,True,True,19,3.0,21,5.0,2,2.0,6,15,False,
JPS-217,0.5,0.75,0.05,2,2,False,,,,,,,,False,,,,,,,0,,False,INFEASIBLE_PREDEFINED_SECURITY_CONSTRAINT
JPS-218,0.5,0.75,0.05,2,3,True,False,True,True,True,True,True,True,False,17,1.0,19,3.0,0,0.0,1,,False,DYNAMIC_SAFETY_GATE_FAILURE
JPS-219,0.5,0.75,0.05,2,4,True,False,True,True,True,True,True,True,False,17,1.0,20,4.0,0,0.0,1,,False,DYNAMIC_SAFETY_GATE_FAILURE
JPS-220,0.5,0.75,0.05,3,2,False,,,,,,,,False,,,,,,,1,,False,INFEASIBLE_PREDEFINED_SECURITY_CONSTRAINT
JPS-221,0.5,0.75,0.05,3,3,True,True,True,True,True,True,True,True,True,18,2.0,20,4.0,0,0.0,5,1,False,
JPS-222,0.5,0.75,0.05,3,4,True,True,True,True,True,True,True,True,True,18,2.0,21,5.0,0,0.0,5,5,False,
JPS-223,0.5,0.75,0.05,4,2,False,,,,,,,,False,,,,,,,1,,False,INFEASIBLE_PREDEFINED_SECURITY_CONSTRAINT
JPS-224,0.5,0.75,0.05,4,3,True,True,True,True,True,True,True,True,True,19,3.0,21,5.0,0,0.0,5,13,False,
JPS-225,0.5,0.75,0.05,4,4,True,True,True,True,True,True,True,True,True,19,3.0,22,6.0,0,0.0,5,17,False,
JPS-226,0.5,0.75,0.1,2,2,False,,,,,,,,False,,,,,,,0,,False,INFEASIBLE_PREDEFINED_SECURITY_CONSTRAINT
JPS-227,0.5,0.75,0.1,2,3,True,False,True,True,True,True,True,True,False,17,1.0,19,3.0,0,0.0,1,,False,DYNAMIC_SAFETY_GATE_FAILURE
JPS-228,0.5,0.75,0.1,2,4,True,False,True,True,True,True,True,True,False,17,1.0,20,4.0,0,0.0,1,,False,DYNAMIC_SAFETY_GATE_FAILURE
JPS-229,0.5,0.75,0.1,3,2,False,,,,,,,,False,,,,,,,1,,False,INFEASIBLE_PREDEFINED_SECURITY_CONSTRAINT
JPS-230,0.5,0.75,0.1,3,3,True,True,True,True,True,True,True,True,True,18,2.0,20,4.0,0,0.0,6,1,False,
JPS-231,0.5,0.75,0.1,3,4,True,True,True,True,True,True,True,True,True,18,2.0,21,5.0,0,0.0,6,5,False,
JPS-232,0.5,0.75,0.1,4,2,False,,,,,,,,False,,,,,,,1,,False,INFEASIBLE_PREDEFINED_SECURITY_CONSTRAINT
JPS-233,0.5,0.75,0.1,4,3,True,True,True,True,True,True,True,True,True,19,3.0,21,5.0,0,0.0,6,13,False,
JPS-234,0.5,0.75,0.1,4,4,True,True,True,True,True,True,True,True,True,19,3.0,22,6.0,0,0.0,6,17,False,
JPS-235,0.5,0.75,0.15,2,2,False,,,,,,,,False,,,,,,,0,,False,INFEASIBLE_PREDEFINED_SECURITY_CONSTRAINT
JPS-236,0.5,0.75,0.15,2,3,True,False,True,True,True,True,True,True,False,17,1.0,19,3.0,0,0.0,1,,False,DYNAMIC_SAFETY_GATE_FAILURE
JPS-237,0.5,0.75,0.15,2,4,True,False,True,True,True,True,True,True,False,17,1.0,20,4.0,0,0.0,1,,False,DYNAMIC_SAFETY_GATE_FAILURE
JPS-238,0.5,0.75,0.15,3,2,False,,,,,,,,False,,,,,,,1,,False,INFEASIBLE_PREDEFINED_SECURITY_CONSTRAINT
JPS-239,0.5,0.75,0.15,3,3,True,True,True,True,True,True,True,True,True,18,2.0,20,4.0,0,0.0,5,1,False,
JPS-240,0.5,0.75,0.15,3,4,True,True,True,True,True,True,True,True,True,18,2.0,21,5.0,0,0.0,5,5,False,
JPS-241,0.5,0.75,0.15,4,2,False,,,,,,,,False,,,,,,,1,,False,INFEASIBLE_PREDEFINED_SECURITY_CONSTRAINT
JPS-242,0.5,0.75,0.15,4,3,True,True,True,True,True,True,True,True,True,19,3.0,20,4.0,0,0.0,5,9,False,
JPS-243,0.5,0.75,0.15,4,4,True,True,True,True,True,True,True,True,True,19,3.0,21,5.0,0,0.0,5,13,False,
