config_id,theta_u2v,lambda_rec,delta_th,l_abn,k_cor,d_local_s,d_network_s,t_recovery_s,robust_neighbor_count,performance_rank,performance_equivalent_optimum,selected
JPS-005,0.3,0.25,0.05,3,3,2.0,4.0,1.0,5,2,False,False
JPS-006,0.3,0.25,0.05,3,4,2.0,5.0,1.0,5,6,False,False
JPS-008,0.3,0.25,0.05,4,3,3.0,5.0,1.0,5,14,False,False
JPS-009,0.3,0.25,0.05,4,4,3.0,6.0,1.0,5,18,False,False
JPS-014,0.3,0.25,0.1,3,3,2.0,4.0,1.0,6,2,False,False
JPS-015,0.3,0.25,0.1,3,4,2.0,5.0,1.0,6,6,False,False
JPS-017,0.3,0.25,0.1,4,3,3.0,5.0,1.0,6,14,False,False
JPS-018,0.3,0.25,0.1,4,4,3.0,6.0,1.0,6,18,False,False
JPS-023,0.3,0.25,0.15,3,3,2.0,4.0,1.0,5,2,False,False
JPS-024,0.3,0.25,0.15,3,4,2.0,5.0,1.0,5,6,False,False
JPS-026,0.3,0.25,0.15,4,3,3.0,4.0,1.0,5,10,False,False
JPS-027,0.3,0.25,0.15,4,4,3.0,5.0,1.0,5,14,False,False
JPS-032,0.3,0.5,0.05,3,3,2.0,4.0,0.0,6,1,True,False
JPS-033,0.3,0.5,0.05,3,4,2.0,5.0,0.0,6,5,False,False
JPS-035,0.3,0.5,0.05,4,3,3.0,5.0,0.0,6,13,False,False
JPS-036,0.3,0.5,0.05,4,4,3.0,6.0,0.0,6,17,False,False
JPS-041,0.3,0.5,0.1,3,3,2.0,4.0,0.0,7,1,True,False
JPS-042,0.3,0.5,0.1,3,4,2.0,5.0,0.0,7,5,False,False
JPS-044,0.3,0.5,0.1,4,3,3.0,5.0,0.0,7,13,False,False
JPS-045,0.3,0.5,0.1,4,4,3.0,6.0,0.0,7,17,False,False
JPS-050,0.3,0.5,0.15,3,3,2.0,4.0,0.0,6,1,True,False
JPS-051,0.3,0.5,0.15,3,4,2.0,5.0,0.0,6,5,False,False
JPS-053,0.3,0.5,0.15,4,3,3.0,4.0,0.0,6,9,False,False
JPS-054,0.3,0.5,0.15,4,4,3.0,5.0,0.0,6,13,False,False
JPS-059,0.3,0.75,0.05,3,3,2.0,4.0,0.0,5,1,True,False
JPS-060,0.3,0.75,0.05,3,4,2.0,5.0,0.0,5,5,False,False
JPS-062,0.3,0.75,0.05,4,3,3.0,5.0,0.0,5,13,False,False
JPS-063,0.3,0.75,0.05,4,4,3.0,6.0,0.0,5,17,False,False
JPS-068,0.3,0.75,0.1,3,3,2.0,4.0,0.0,6,1,True,False
JPS-069,0.3,0.75,0.1,3,4,2.0,5.0,0.0,6,5,False,False
JPS-071,0.3,0.75,0.1,4,3,3.0,5.0,0.0,6,13,False,False
JPS-072,0.3,0.75,0.1,4,4,3.0,6.0,0.0,6,17,False,False
JPS-077,0.3,0.75,0.15,3,3,2.0,4.0,0.0,5,1,True,False
JPS-078,0.3,0.75,0.15,3,4,2.0,5.0,0.0,5,5,False,False
JPS-080,0.3,0.75,0.15,4,3,3.0,4.0,0.0,5,9,False,False
JPS-081,0.3,0.75,0.15,4,4,3.0,5.0,0.0,5,13,False,False
JPS-086,0.4,0.25,0.05,3,3,2.0,4.0,2.0,6,3,False,False
JPS-087,0.4,0.25,0.05,3,4,2.0,5.0,2.0,6,7,False,False
JPS-089,0.4,0.25,0.05,4,3,3.0,5.0,2.0,6,15,False,False
JPS-090,0.4,0.25,0.05,4,4,3.0,6.0,2.0,6,19,False,False
JPS-095,0.4,0.25,0.1,3,3,2.0,4.0,2.0,7,3,False,False
JPS-096,0.4,0.25,0.1,3,4,2.0,5.0,2.0,7,7,False,False
JPS-098,0.4,0.25,0.1,4,3,3.0,5.0,2.0,7,15,False,False
JPS-099,0.4,0.25,0.1,4,4,3.0,6.0,2.0,7,19,False,False
JPS-104,0.4,0.25,0.15,3,3,2.0,4.0,2.0,6,3,False,False
JPS-105,0.4,0.25,0.15,3,4,2.0,5.0,2.0,6,7,False,False
JPS-107,0.4,0.25,0.15,4,3,3.0,4.0,2.0,6,11,False,False
JPS-108,0.4,0.25,0.15,4,4,3.0,5.0,2.0,6,15,False,False
JPS-113,0.4,0.5,0.05,3,3,2.0,4.0,0.0,7,1,True,False
JPS-114,0.4,0.5,0.05,3,4,2.0,5.0,0.0,7,5,False,False
JPS-116,0.4,0.5,0.05,4,3,3.0,5.0,0.0,7,13,False,False
JPS-117,0.4,0.5,0.05,4,4,3.0,6.0,0.0,7,17,False,False
JPS-122,0.4,0.5,0.1,3,3,2.0,4.0,0.0,8,1,True,True
JPS-123,0.4,0.5,0.1,3,4,2.0,5.0,0.0,8,5,False,False
JPS-125,0.4,0.5,0.1,4,3,3.0,5.0,0.0,8,13,False,False
JPS-126,0.4,0.5,0.1,4,4,3.0,6.0,0.0,8,17,False,False
JPS-131,0.4,0.5,0.15,3,3,2.0,4.0,0.0,7,1,True,False
JPS-132,0.4,0.5,0.15,3,4,2.0,5.0,0.0,7,5,False,False
JPS-134,0.4,0.5,0.15,4,3,3.0,4.0,0.0,7,9,False,False
JPS-135,0.4,0.5,0.15,4,4,3.0,5.0,0.0,7,13,False,False
JPS-140,0.4,0.75,0.05,3,3,2.0,4.0,0.0,6,1,True,False
JPS-141,0.4,0.75,0.05,3,4,2.0,5.0,0.0,6,5,False,False
JPS-143,0.4,0.75,0.05,4,3,3.0,5.0,0.0,6,13,False,False
JPS-144,0.4,0.75,0.05,4,4,3.0,6.0,0.0,6,17,False,False
JPS-149,0.4,0.75,0.1,3,3,2.0,4.0,0.0,7,1,True,False
JPS-150,0.4,0.75,0.1,3,4,2.0,5.0,0.0,7,5,False,False
JPS-152,0.4,0.75,0.1,4,3,3.0,5.0,0.0,7,13,False,False
JPS-153,0.4,0.75,0.1,4,4,3.0,6.0,0.0,7,17,False,False
JPS-158,0.4,0.75,0.15,3,3,2.0,4.0,0.0,6,1,True,False
JPS-159,0.4,0.75,0.15,3,4,2.0,5.0,0.0,6,5,False,False
JPS-161,0.4,0.75,0.15,4,3,3.0,4.0,0.0,6,9,False,False
JPS-162,0.4,0.75,0.15,4,4,3.0,5.0,0.0,6,13,False,False
JPS-167,0.5,0.25,0.05,3,3,2.0,4.0,3.0,5,4,False,False
JPS-168,0.5,0.25,0.05,3,4,2.0,5.0,3.0,5,8,False,False
JPS-170,0.5,0.25,0.05,4,3,3.0,5.0,3.0,5,16,False,False
JPS-171,0.5,0.25,0.05,4,4,3.0,6.0,3.0,5,20,False,False
JPS-176,0.5,0.25,0.1,3,3,2.0,4.0,3.0,6,4,False,False
JPS-177,0.5,0.25,0.1,3,4,2.0,5.0,3.0,6,8,False,False
JPS-179,0.5,0.25,0.1,4,3,3.0,5.0,3.0,6,16,False,False
JPS-180,0.5,0.25,0.1,4,4,3.0,6.0,3.0,6,20,False,False
JPS-185,0.5,0.25,0.15,3,3,2.0,4.0,3.0,5,4,False,False
JPS-186,0.5,0.25,0.15,3,4,2.0,5.0,3.0,5,8,False,False
JPS-188,0.5,0.25,0.15,4,3,3.0,4.0,3.0,5,12,False,False
JPS-189,0.5,0.25,0.15,4,4,3.0,5.0,3.0,5,16,False,False
JPS-194,0.5,0.5,0.05,3,3,2.0,4.0,2.0,6,3,False,False
JPS-195,0.5,0.5,0.05,3,4,2.0,5.0,2.0,6,7,False,False
JPS-197,0.5,0.5,0.05,4,3,3.0,5.0,2.0,6,15,False,False
JPS-198,0.5,0.5,0.05,4,4,3.0,6.0,2.0,6,19,False,False
JPS-203,0.5,0.5,0.1,3,3,2.0,4.0,2.0,7,3,False,False
JPS-204,0.5,0.5,0.1,3,4,2.0,5.0,2.0,7,7,False,False
JPS-206,0.5,0.5,0.1,4,3,3.0,5.0,2.0,7,15,False,False
JPS-207,0.5,0.5,0.1,4,4,3.0,6.0,2.0,7,19,False,False
JPS-212,0.5,0.5,0.15,3,3,2.0,4.0,2.0,6,3,False,False
JPS-213,0.5,0.5,0.15,3,4,2.0,5.0,2.0,6,7,False,False
JPS-215,0.5,0.5,0.15,4,3,3.0,4.0,2.0,6,11,False,False
JPS-216,0.5,0.5,0.15,4,4,3.0,5.0,2.0,6,15,False,False
JPS-221,0.5,0.75,0.05,3,3,2.0,4.0,0.0,5,1,True,False
JPS-222,0.5,0.75,0.05,3,4,2.0,5.0,0.0,5,5,False,False
JPS-224,0.5,0.75,0.05,4,3,3.0,5.0,0.0,5,13,False,False
JPS-225,0.5,0.75,0.05,4,4,3.0,6.0,0.0,5,17,False,False
JPS-230,0.5,0.75,0.1,3,3,2.0,4.0,0.0,6,1,True,False
JPS-231,0.5,0.75,0.1,3,4,2.0,5.0,0.0,6,5,False,False
JPS-233,0.5,0.75,0.1,4,3,3.0,5.0,0.0,6,13,False,False
JPS-234,0.5,0.75,0.1,4,4,3.0,6.0,0.0,6,17,False,False
JPS-239,0.5,0.75,0.15,3,3,2.0,4.0,0.0,5,1,True,False
JPS-240,0.5,0.75,0.15,3,4,2.0,5.0,0.0,5,5,False,False
JPS-242,0.5,0.75,0.15,4,3,3.0,4.0,0.0,5,9,False,False
JPS-243,0.5,0.75,0.15,4,4,3.0,5.0,0.0,5,13,False,False
