time_s,q_env,proposed_trust,wang2026_trust,proposed_wo_context_trust
0,0.900000000000,0.578300000000,0.562615105691,0.587000000000
1,0.872413793103,0.637409343639,0.591347952287,0.653013793103
2,0.844827586207,0.681632449785,0.607589741183,0.702238620690
3,0.817241379310,0.714252549015,0.617824517518,0.738032275862
4,0.789655172414,0.737787955008,0.624683272211,0.763080993103
5,0.762068965517,0.754181105932,0.629431369024,0.779533760000
6,0.734482758621,0.764938735151,0.632748691791,0.789109766621
7,0.706896551724,0.771236338469,0.635029217825,0.793184365021
8,0.679310344828,0.773996428798,0.636513170378,0.791878252314
9,0.651724137931,0.773800526183,0.637351554501,0.777272202187
10,0.624137931034,0.764757580933,0.635503185504,0.760006164575
11,0.596551724138,0.751872559907,0.639881126257,0.742208129467
12,0.568965517241,0.737286571878,0.643999570431,0.724303694859
13,0.541379310345,0.721959032115,0.647856846465,0.706377980351
14,0.513793103448,0.706342387381,0.651447202854,0.688448009863
15,0.486206896552,0.690664002410,0.654760843689,0.670517188180
16,0.458620689655,0.675048681859,0.657783944759,0.652586196257
17,0.431034482759,0.659574106664,0.660498649802,0.634655170286
18,0.403448275862,0.644297060870,0.662883046486,0.616724137505
19,0.375862068966,0.629266572460,0.664911122865,0.598793103363
20,0.348275862069,0.614531087015,0.666552708100,0.580862068948
21,0.320689655172,0.600142945119,0.665388941364,0.562931034479
22,0.293103448276,0.586161745622,0.663755229368,0.544999999999
23,0.265517241379,0.572657424293,0.661596115893,0.527068965517
24,0.237931034483,0.559713547383,0.658852218600,0.509137931034
25,0.210344827586,0.547431191586,0.655460459685,0.491206896552
26,0.182758620690,0.535933760768,0.651354583201,0.473275862069
27,0.155172413793,0.525373136958,0.646466062192,0.455344827586
28,0.127586206897,0.515937667188,0.640725497581,0.437413793103
29,0.100000000000,0.507862653813,0.634064590458,0.419482758621
30,0.100000000000,0.500433641508,0.628165840768,0.415896551724
31,0.127586206897,0.493543720240,0.624555086070,0.419303448276
32,0.155172413793,0.488245308357,0.622875557541,0.425615172414
33,0.182758620690,0.485401261846,0.622816825936,0.434250758621
34,0.210344827586,0.485456913875,0.624112242608,0.444745434483
35,0.237931034483,0.486370486178,0.626535860469,0.456727382069
36,0.265517241379,0.488293665830,0.629898972560,0.469899147034
37,0.293103448276,0.491355047845,0.634046395278,0.484022765903
38,0.320689655172,0.495658268676,0.638852599298,0.498907867895
39,0.348275862069,0.501280906751,0.644217764898,0.514402156385
40,0.375862068966,0.508274154165,0.649421091276,0.530383794074
41,0.403448275862,0.516663233711,0.653819745308,0.546755311121
42,0.431034482759,0.526448507856,0.657481291933,0.563438731655
43,0.458620689655,0.537607202391,0.660471816558,0.580371674979
44,0.486206896552,0.550095648275,0.662854838554,0.597504236535
45,0.513793103448,0.563851931362,0.664690616851,0.614796492677
46,0.541379310345,0.578798831636,0.666035763038,0.632216504486
47,0.568965517241,0.594846931294,0.666943080023,0.649738720830
48,0.596551724138,0.611897774236,0.667461554831,0.667342700802
49,0.624137931034,0.629846967649,0.661765619176,0.685012091676
50,0.651724137931,0.648587128655,0.656905393028,0.702733811272
51,0.679310344828,0.668010594386,0.652781185258,0.720497393845
52,0.706896551724,0.688011831399,0.649305233352,0.738294466800
53,0.734482758621,0.708489498877,0.646400274201,0.756118332061
54,0.762068965517,0.729348138632,0.643998265687,0.773963631166
55,0.789655172414,0.750499482540,0.642039248866,0.791826077347
56,0.817241379310,0.771863384003,0.640470340598,0.809702241188
57,0.844827586207,0.793368393674,0.639244846199,0.827589379157
58,0.872413793103,0.814952010692,0.638321481549,0.845485296429
59,0.900000000000,0.836560648767,0.639823451439,0.863388237143
