time_s,mean_snr_db,method,n,trust_mean,trust_sample_sd,trust_standard_error,trust_ci95_low,trust_ci95_high
0,18.000000000000,Proposed,300,0.585887023360,0.011871218063,0.000685385094,0.584538233698,0.587235813022
0,18.000000000000,Proposed w/o Context,300,0.591424619849,0.008020458375,0.000463061380,0.590513347621,0.592335892078
1,17.586206896552,Proposed,300,0.651636805519,0.017586439291,0.001015353546,0.649638661152,0.653634949887
1,17.586206896552,Proposed w/o Context,300,0.661389358206,0.013736352583,0.000793068686,0.659828654809,0.662950061603
2,17.172413793103,Proposed,300,0.703877996371,0.019452765568,0.001123105944,0.701667802863,0.706088189879
2,17.172413793103,Proposed w/o Context,300,0.715848639688,0.020396906073,0.001177615921,0.713531174378,0.718166104998
3,16.758620689655,Proposed,300,0.743725528341,0.022121291062,0.001277173335,0.741212141042,0.746238915639
3,16.758620689655,Proposed w/o Context,300,0.756610129892,0.024363436870,0.001406623684,0.753841993411,0.759378266372
4,16.344827586207,Proposed,300,0.772931455713,0.023967878484,0.001383786109,0.770208261972,0.775654649453
4,16.344827586207,Proposed w/o Context,300,0.783770613586,0.033289527257,0.001921971752,0.779988308352,0.787552918821
5,15.931034482759,Proposed,300,0.794308202021,0.026024970754,0.001502552387,0.791351284600,0.797265119443
5,15.931034482759,Proposed w/o Context,300,0.802104766608,0.039610488731,0.002286912633,0.797604283387,0.806605249829
6,15.517241379310,Proposed,300,0.808113235406,0.030132496242,0.001739700482,0.804689627213,0.811536843599
6,15.517241379310,Proposed w/o Context,300,0.811155458139,0.048861252383,0.002821005722,0.805603917282,0.816706998995
7,15.103448275862,Proposed,300,0.813695046789,0.033905202430,0.001957517775,0.809842789482,0.817547304096
7,15.103448275862,Proposed w/o Context,300,0.807033098862,0.061543756841,0.003553230458,0.800040591223,0.814025606501
8,14.689655172414,Proposed,300,0.812342084064,0.038071558130,0.002198062433,0.808016451787,0.816667716341
8,14.689655172414,Proposed w/o Context,300,0.794072269427,0.071109067648,0.004105483935,0.785992965786,0.802151573069
9,14.275862068966,Proposed,300,0.802916759830,0.040532615717,0.002340151660,0.798311505949,0.807522013711
9,14.275862068966,Proposed w/o Context,300,0.770209892614,0.077736893784,0.004488141655,0.761377545491,0.779042239736
10,13.862068965517,Proposed,300,0.789543448620,0.041198760285,0.002378611534,0.784862508411,0.794224388829
10,13.862068965517,Proposed w/o Context,300,0.742783565667,0.083516458532,0.004821824982,0.733294553226,0.752272578107
11,13.448275862069,Proposed,300,0.776165519792,0.043662333125,0.002520845978,0.771204672200,0.781126367384
11,13.448275862069,Proposed w/o Context,300,0.718015153186,0.087393289619,0.005045653929,0.708085661120,0.727944645252
12,13.034482758621,Proposed,300,0.760574418335,0.043743363248,0.002525524255,0.755604364224,0.765544472446
12,13.034482758621,Proposed w/o Context,300,0.687404293245,0.087382277333,0.005045018134,0.677476052378,0.697332534112
13,12.620689655172,Proposed,300,0.742930031843,0.042705749632,0.002465617605,0.738077869807,0.747782193880
13,12.620689655172,Proposed w/o Context,300,0.657025281913,0.087888010950,0.005074216678,0.647039580365,0.667010983461
14,12.206896551724,Proposed,300,0.724762157061,0.040071318865,0.002313518673,0.720209315024,0.729314999099
14,12.206896551724,Proposed w/o Context,300,0.630444416931,0.080771329581,0.004663334888,0.621267301849,0.639621532014
15,11.793103448276,Proposed,300,0.709874140241,0.037586868010,0.002170078836,0.705603577714,0.714144702767
15,11.793103448276,Proposed w/o Context,300,0.613002124750,0.078404018898,0.004526658142,0.604093979892,0.621910269609
16,11.379310344828,Proposed,300,0.692287691714,0.034870945088,0.002013274953,0.688325708201,0.696249675227
16,11.379310344828,Proposed w/o Context,300,0.582721729755,0.070382890057,0.004063558052,0.574724933303,0.590718526208
17,10.965517241379,Proposed,300,0.674102594829,0.033567622348,0.001938027580,0.670288692856,0.677916496803
17,10.965517241379,Proposed w/o Context,300,0.552453579724,0.069999290595,0.004041410927,0.544500367256,0.560406792192
18,10.551724137931,Proposed,300,0.656636546848,0.032918431744,0.001900546543,0.652896404919,0.660376688777
18,10.551724137931,Proposed w/o Context,300,0.529070334130,0.068156645800,0.003935025780,0.521326480149,0.536814188111
19,10.137931034483,Proposed,300,0.643022977359,0.033680135451,0.001944523527,0.639196291818,0.646849662900
19,10.137931034483,Proposed w/o Context,300,0.513676975675,0.064212731050,0.003707323756,0.506381223263,0.520972728087
20,9.724137931034,Proposed,300,0.627666066965,0.030759895072,0.001775923370,0.624171174675,0.631160959255
20,9.724137931034,Proposed w/o Context,300,0.493673023703,0.057479518814,0.003318581566,0.487142288580,0.500203758826
21,9.310344827586,Proposed,300,0.614897979498,0.028990155590,0.001673747413,0.611604162305,0.618191796691
21,9.310344827586,Proposed w/o Context,300,0.475541939479,0.053476665172,0.003087476703,0.469466002473,0.481617876486
22,8.896551724138,Proposed,300,0.601950512772,0.027812502712,0.001605755593,0.598790498700,0.605110526845
22,8.896551724138,Proposed w/o Context,300,0.457637538862,0.048541268440,0.002802531440,0.452122354092,0.463152723631
23,8.482758620690,Proposed,300,0.590166302226,0.026863619385,0.001550971788,0.587114098828,0.593218505624
23,8.482758620690,Proposed w/o Context,300,0.441982580287,0.042463439121,0.002451627801,0.437157949200,0.446807211373
24,8.068965517241,Proposed,300,0.579578061917,0.025848901340,0.001492387015,0.576641149233,0.582514974601
24,8.068965517241,Proposed w/o Context,300,0.426695395095,0.036269214778,0.002094004092,0.422574542316,0.430816247874
25,7.655172413793,Proposed,300,0.569037973885,0.023726834831,0.001369869448,0.566342167156,0.571733780614
25,7.655172413793,Proposed w/o Context,300,0.416029486524,0.030990145290,0.001789216873,0.412508433556,0.419550539492
26,7.241379310345,Proposed,300,0.560475239317,0.022252014133,0.001284720635,0.557946999463,0.563003479171
26,7.241379310345,Proposed w/o Context,300,0.404253178367,0.028013843742,0.001617380023,0.401070288234,0.407436068499
27,6.827586206897,Proposed,300,0.552404301023,0.020980752077,0.001211324286,0.550020500022,0.554788102024
27,6.827586206897,Proposed w/o Context,300,0.393368162958,0.022506551315,0.001299416346,0.390811002979,0.395925322938
28,6.413793103448,Proposed,300,0.545730776790,0.020390059829,0.001177220653,0.543414089340,0.548047464240
28,6.413793103448,Proposed w/o Context,300,0.387552810060,0.020509335907,0.001184107061,0.385222570644,0.389883049476
29,6.000000000000,Proposed,300,0.539473688768,0.019821458378,0.001144392433,0.537221604946,0.541725772590
29,6.000000000000,Proposed w/o Context,300,0.381585565196,0.016725371082,0.000965639750,0.379685254083,0.383485876309
30,6.000000000000,Proposed,300,0.533555416379,0.019001085983,0.001097028211,0.531396542016,0.535714290743
30,6.000000000000,Proposed w/o Context,300,0.378472497299,0.015869512892,0.000916226754,0.376669427487,0.380275567112
31,6.413793103448,Proposed,300,0.527568027039,0.018595217557,0.001073595386,0.525455266826,0.529680787252
31,6.413793103448,Proposed w/o Context,300,0.380524007126,0.017514301732,0.001011188682,0.378534058918,0.382513955334
32,6.827586206897,Proposed,300,0.521789863017,0.018008166748,0.001039701992,0.519743802620,0.523835923414
32,6.827586206897,Proposed w/o Context,300,0.382025517891,0.016699140862,0.000964125347,0.380128187015,0.383922848766
33,7.241379310345,Proposed,300,0.516579358790,0.017195517566,0.000992783670,0.514625630352,0.518533087229
33,7.241379310345,Proposed w/o Context,300,0.388772944234,0.019690318313,0.001136821058,0.386535760346,0.391010128122
34,7.655172413793,Proposed,300,0.511732201694,0.016761311612,0.000967714777,0.509827807073,0.513636596316
34,7.655172413793,Proposed w/o Context,300,0.394567040910,0.021424654280,0.001236952992,0.392132804419,0.397001277402
35,8.068965517241,Proposed,300,0.508253660418,0.016916694570,0.000976685816,0.506331611422,0.510175709413
35,8.068965517241,Proposed w/o Context,300,0.402996079817,0.024113538390,0.001392195788,0.400256336420,0.405735823213
36,8.482758620690,Proposed,300,0.506706150680,0.018303638143,0.001056761041,0.504626519274,0.508785782085
36,8.482758620690,Proposed w/o Context,300,0.413785936083,0.029490396837,0.001702628855,0.410435282244,0.417136589923
37,8.896551724138,Proposed,300,0.505746873463,0.018022534578,0.001040531519,0.503699180616,0.507794566311
37,8.896551724138,Proposed w/o Context,300,0.423230844872,0.030004479556,0.001732309435,0.419821781739,0.426639908004
38,9.310344827586,Proposed,300,0.506398515707,0.019477860030,0.001124554773,0.504185471004,0.508611560410
38,9.310344827586,Proposed w/o Context,300,0.434997857246,0.034449180231,0.001988924348,0.431083794012,0.438911920480
39,9.724137931034,Proposed,300,0.509866707583,0.022655490010,0.001308015326,0.507292625416,0.512440789750
39,9.724137931034,Proposed w/o Context,300,0.450849395143,0.038205736208,0.002205809208,0.446508517758,0.455190272529
40,10.137931034483,Proposed,300,0.515965915347,0.026107726469,0.001507330290,0.512999595347,0.518932235347
40,10.137931034483,Proposed w/o Context,300,0.465809968717,0.042821752510,0.002472315034,0.460944626610,0.470675310823
41,10.551724137931,Proposed,300,0.522809230167,0.027684299478,0.001598353776,0.519663782350,0.525954677984
41,10.551724137931,Proposed w/o Context,300,0.480201104715,0.043890090378,0.002533995549,0.475214379692,0.485187829738
42,10.965517241379,Proposed,300,0.533520054952,0.031774248023,0.001834487065,0.529909913429,0.537130196474
42,10.965517241379,Proposed w/o Context,300,0.501100444540,0.049284267411,0.002845428506,0.495500841362,0.506700047717
43,11.379310344828,Proposed,300,0.545732343075,0.034137074879,0.001970904937,0.541853740774,0.549610945375
43,11.379310344828,Proposed w/o Context,300,0.520524670183,0.051481022744,0.002972258234,0.514675475020,0.526373865346
44,11.793103448276,Proposed,300,0.561564302956,0.037411730510,0.002159967268,0.557313639285,0.565814966628
44,11.793103448276,Proposed w/o Context,300,0.542239343402,0.053948972669,0.003114745389,0.536109743539,0.548368943265
45,12.206896551724,Proposed,300,0.577510070820,0.038139719239,0.002201997717,0.573176694181,0.581843447458
45,12.206896551724,Proposed w/o Context,300,0.563036975126,0.054483018844,0.003145578560,0.556846697752,0.569227252500
46,12.620689655172,Proposed,300,0.595608054854,0.040560867749,0.002341782791,0.590999591020,0.600216518687
46,12.620689655172,Proposed w/o Context,300,0.585128971094,0.056326125525,0.003251990373,0.578729282754,0.591528659433
47,13.034482758621,Proposed,300,0.616671555304,0.041538734059,0.002398239929,0.611951987794,0.621391122814
47,13.034482758621,Proposed w/o Context,300,0.609728499745,0.057757325383,0.003334620736,0.603166200664,0.616290798826
48,13.448275862069,Proposed,300,0.640933521237,0.041716130124,0.002408481896,0.636193798257,0.645673244217
48,13.448275862069,Proposed w/o Context,300,0.637952533522,0.058044447315,0.003351197728,0.631357612086,0.644547454959
49,13.862068965517,Proposed,300,0.665429495686,0.042759288936,0.002468708698,0.660571250596,0.670287740777
49,13.862068965517,Proposed w/o Context,300,0.664845406642,0.055490301540,0.003203734053,0.658540683347,0.671150129937
50,14.275862068966,Proposed,300,0.690100272182,0.043047945521,0.002485374293,0.685209230371,0.694991313993
50,14.275862068966,Proposed w/o Context,300,0.691633615734,0.055324142750,0.003194140871,0.685347771147,0.697919460321
51,14.689655172414,Proposed,300,0.712521695799,0.042815910763,0.002471977760,0.707657017423,0.717386374175
51,14.689655172414,Proposed w/o Context,300,0.712294197752,0.059347370713,0.003426422046,0.705551240149,0.719037155354
52,15.103448275862,Proposed,300,0.738862742956,0.041136203544,0.002374999819,0.734188910348,0.743536575563
52,15.103448275862,Proposed w/o Context,300,0.739462004297,0.055309029048,0.003193268281,0.733177876906,0.745746131689
53,15.517241379310,Proposed,300,0.763239256026,0.038483558024,0.002221849258,0.758866812950,0.767611699102
53,15.517241379310,Proposed w/o Context,300,0.763447191587,0.054673603569,0.003156581974,0.757235260267,0.769659122906
54,15.931034482759,Proposed,300,0.784909714010,0.036404305837,0.002101803577,0.780773512391,0.789045915628
54,15.931034482759,Proposed w/o Context,300,0.785373695859,0.050448379941,0.002912638574,0.779641827994,0.791105563724
55,16.344827586207,Proposed,300,0.806880532240,0.034081304757,0.001967685048,0.803008266455,0.810752798024
55,16.344827586207,Proposed w/o Context,300,0.806990413538,0.048390755183,0.002793841553,0.801492329855,0.812488497221
56,16.758620689655,Proposed,300,0.827103265556,0.031583389995,0.001823467872,0.823514809031,0.830691722081
56,16.758620689655,Proposed w/o Context,300,0.826544554480,0.045883281965,0.002649072519,0.821331366073,0.831757742886
57,17.172413793103,Proposed,300,0.845659972492,0.028408106672,0.001640142803,0.842432286808,0.848887658176
57,17.172413793103,Proposed w/o Context,300,0.844677282826,0.040439682313,0.002334786147,0.840082587896,0.849271977755
58,17.586206896552,Proposed,300,0.863180581468,0.027592542630,0.001593056191,0.860045558925,0.866315604012
58,17.586206896552,Proposed w/o Context,300,0.862125856299,0.038136780559,0.002201828052,0.857792813549,0.866458899049
59,18.000000000000,Proposed,300,0.879925600924,0.024922160068,0.001438881582,0.877093983168,0.882757218680
59,18.000000000000,Proposed w/o Context,300,0.878978453624,0.033824502058,0.001952858537,0.875135365370,0.882821541878
