time_s,behavior_state,method,n,trust_mean,trust_sample_sd,trust_standard_error,trust_ci95_low,trust_ci95_high
0,NORMAL,Proposed,300,0.572000000000000,0.012236564538533,0.000706478383028,0.570609700229486,0.573390299770514
0,NORMAL,FATE2025,300,0.859941348973607,0.080768274987850,0.004663158530622,0.850764580949640,0.869118116997574
0,NORMAL,Proposed w/o Asymmetry,300,0.680000000000000,0.030591411346333,0.001766195957570,0.676524250573715,0.683475749426285
1,NORMAL,Proposed,300,0.631166000000000,0.015836056775831,0.000914295164243,0.629366731420003,0.632965268579997
1,NORMAL,FATE2025,300,0.916539588753252,0.076277866319258,0.004403904665263,0.907873014102743,0.925206163403761
1,NORMAL,Proposed w/o Asymmetry,300,0.779315000000000,0.034351093693795,0.001983261319107,0.775412081208619,0.783217918791381
2,NORMAL,Proposed,300,0.679976120000000,0.018471429180647,0.001066448460976,0.677877424433115,0.682074815566885
2,NORMAL,FATE2025,300,0.926998086236016,0.077538887310276,0.004476709746125,0.918188236306820,0.935807936165211
2,NORMAL,Proposed w/o Asymmetry,300,0.834673250000000,0.036441495760219,0.002103950738684,0.830532822919092,0.838813677080908
3,NORMAL,Proposed,300,0.719836153328000,0.019751519944620,0.001140354535693,0.717592015803956,0.722080290852044
3,NORMAL,FATE2025,300,0.928177049893819,0.082135450271772,0.004742092432442,0.918844945502565,0.937509154285073
3,NORMAL,Proposed w/o Asymmetry,300,0.865015287500000,0.036700275039805,0.002118891367356,0.860845458312652,0.869185116687348
4,NORMAL,Proposed,300,0.753470246288000,0.020216340822240,0.001167190981575,0.751173296525893,0.755767196050107
4,NORMAL,FATE2025,300,0.934979371705992,0.074904257182674,0.004324599304787,0.926468864427282,0.943489878984703
4,NORMAL,Proposed w/o Asymmetry,300,0.884223408125000,0.034297823268325,0.001980185749659,0.880326541837986,0.888120274412014
5,NORMAL,Proposed,300,0.778400399569971,0.023303755302533,0.001345442939705,0.775752662490891,0.781048136649051
5,NORMAL,FATE2025,300,0.923882542867439,0.080526474816400,0.004649198191214,0.914733247809582,0.933031837925296
5,NORMAL,Proposed w/o Asymmetry,300,0.890272874468750,0.036159294999810,0.002087657870185,0.886164510607155,0.894381238330345
6,NORMAL,Proposed,300,0.798379389437649,0.025912379290250,0.001496051915857,0.795435264485972,0.801323514389327
6,NORMAL,FATE2025,300,0.922089063905309,0.082741375667144,0.004777075551455,0.912688115196233,0.931490012614384
6,NORMAL,Proposed w/o Asymmetry,300,0.893390080957813,0.037476573576411,0.002163710984265,0.889132049916595,0.897648111999030
7,NORMAL,Proposed,300,0.815795853740702,0.025587114194479,0.001477272726797,0.812888684912337,0.818703022569067
7,NORMAL,FATE2025,300,0.927113422384174,0.074631060502571,0.004308826287107,0.918633955294927,0.935592889473422
7,NORMAL,Proposed w/o Asymmetry,300,0.897099544526797,0.035157842157651,0.002029838963385,0.893104964207327,0.901094124846267
8,NORMAL,Proposed,300,0.829222376096173,0.026032342493810,0.001502977994644,0.826264621108560,0.832180131083785
8,NORMAL,FATE2025,300,0.928504535689712,0.070554069564976,0.004073441105576,0.920488290082857,0.936520781296567
8,NORMAL,Proposed w/o Asymmetry,300,0.899454749489738,0.031777344315307,0.001834665829457,0.895844256171128,0.903065242808348
9,NORMAL,Proposed,300,0.838547191230797,0.029415769370894,0.001698320236471,0.835205016449872,0.841889366011722
9,NORMAL,FATE2025,300,0.929222368447201,0.078841287584031,0.004551903860990,0.920264541788424,0.938180195105977
9,NORMAL,Proposed w/o Asymmetry,300,0.900960112219356,0.034449654209298,0.001988951713123,0.897045995132763,0.904874229305949
10,NORMAL,Proposed,300,0.844457673888508,0.032359567801288,0.001868280518093,0.840781029226814,0.848134318550201
10,NORMAL,FATE2025,300,0.925993744782593,0.078530950089858,0.004533986517410,0.917071178195838,0.934916311369347
10,NORMAL,Proposed w/o Asymmetry,300,0.900528061720646,0.035349439657138,0.002040900850175,0.896511712385965,0.904544411055327
11,NORMAL,Proposed,300,0.852329116043232,0.032659662013778,0.001885606465530,0.848618375135534,0.856039856950930
11,NORMAL,FATE2025,300,0.938606351012210,0.072461024777219,0.004183539216088,0.930373440067170,0.946839261957250
11,NORMAL,Proposed w/o Asymmetry,300,0.905225433946355,0.034571095862174,0.001995963150221,0.901297518844674,0.909153349048036
12,NORMAL,Proposed,300,0.852743774654346,0.037695018435154,0.002176322904064,0.848460924241971,0.857026625066722
12,NORMAL,FATE2025,300,0.923461054846019,0.080866864034859,0.004668850571905,0.914273085285134,0.932649024406905
12,NORMAL,Proposed w/o Asymmetry,300,0.901508988670495,0.036822481154125,0.002125946940656,0.897325274611118,0.905692702729872
13,NORMAL,Proposed,300,0.854022991206956,0.038602758928281,0.002228731325871,0.849637004706399,0.858408977707512
13,NORMAL,FATE2025,300,0.925360579082094,0.077973781011237,0.004501818345657,0.916501317194932,0.934219840969257
13,NORMAL,Proposed w/o Asymmetry,300,0.900829943768773,0.036100401270069,0.002084257639113,0.896728271322786,0.904931616214759
14,NORMAL,Proposed,300,0.854247088537552,0.038837063821331,0.002242258925178,0.849834480672967,0.858659696402138
14,NORMAL,FATE2025,300,0.928311169812562,0.080539230998519,0.004649934669732,0.919160425416780,0.937461914208345
14,NORMAL,Proposed w/o Asymmetry,300,0.901506469072825,0.035360129713149,0.002041518040847,0.897488905150310,0.905524032995340
15,NORMAL,Proposed,300,0.855182430818835,0.041421909064780,0.002391495034890,0.850476136786252,0.859888724851418
15,NORMAL,FATE2025,300,0.927265262113613,0.083723272293573,0.004833765379613,0.917752751809770,0.936777772417456
15,NORMAL,Proposed w/o Asymmetry,300,0.901353557990054,0.037711753026849,0.002177289076166,0.897068806218933,0.905638309761174
16,NORMAL,Proposed,300,0.851920860912860,0.043256303256155,0.002497403832909,0.847006145814441,0.856835576011280
16,NORMAL,FATE2025,300,0.916385202041279,0.084852974087474,0.004898988743094,0.906744336745325,0.926026067337233
16,NORMAL,Proposed w/o Asymmetry,300,0.897174456894530,0.038341413953964,0.002213642566743,0.892818164010729,0.901530749778330
17,NORMAL,Proposed,300,0.854386610410456,0.039934434408244,0.002305615645553,0.849849320976109,0.858923899844803
17,NORMAL,FATE2025,300,0.929510664012971,0.074359157123323,0.004293127938186,0.921062090170319,0.937959237855623
17,NORMAL,Proposed w/o Asymmetry,300,0.900335951291991,0.033810761482092,0.001952065224319,0.896494424221102,0.904177478362880
18,NORMAL,Proposed,300,0.853656035539378,0.040173867617062,0.002319439328310,0.849091542069599,0.858220529009157
18,NORMAL,FATE2025,300,0.923520181833482,0.082086679288053,0.004739276638384,0.914193618726897,0.932846744940068
18,NORMAL,Proposed w/o Asymmetry,300,0.899239773210595,0.035826907798312,0.002068467486159,0.895169174675086,0.903310371746105
19,NORMAL,Proposed,300,0.851352116827884,0.039935649304103,0.002305685787599,0.846814689358926,0.855889544296843
19,NORMAL,FATE2025,300,0.918171372112187,0.081294644611332,0.004693548495003,0.908934798775673,0.927407945448702
19,NORMAL,Proposed w/o Asymmetry,300,0.896851875265827,0.035193540395317,0.002031900002097,0.892853238967126,0.900850511564529
20,MALICIOUS,Proposed,300,0.482002592711808,0.049549400257794,0.002860735957702,0.476372865545282,0.487632319878333
20,MALICIOUS,FATE2025,300,0.260206281376733,0.080247416081123,0.004633086727621,0.251088692546094,0.269323870207373
20,MALICIOUS,Proposed w/o Asymmetry,300,0.645533531396205,0.035294719106787,0.002037741557728,0.641523399326865,0.649543663465545
21,MALICIOUS,Proposed,300,0.381343195598155,0.049153287741257,0.002837866390897,0.375758474130664,0.386927917065645
21,MALICIOUS,FATE2025,300,0.192195475254974,0.080851632117481,0.004667971156745,0.183009236321273,0.201381714188675
21,MALICIOUS,Proposed w/o Asymmetry,300,0.509723442267913,0.036793483198483,0.002124272742907,0.505543022911959,0.513903861623867
22,MALICIOUS,Proposed,300,0.341092829143375,0.038837351505580,0.002242275534636,0.336680188592545,0.345505469694205
22,MALICIOUS,FATE2025,300,0.177267213735040,0.079597747635682,0.004595578102435,0.168223439240749,0.186310988229330
22,MALICIOUS,Proposed w/o Asymmetry,300,0.432717893247352,0.035227571074217,0.002033864764260,0.428715390434898,0.436720396059806
23,MALICIOUS,Proposed,300,0.327770373176896,0.035287666155897,0.002037334355418,0.323761042453062,0.331779703900730
23,MALICIOUS,FATE2025,300,0.189984439909595,0.088096497000567,0.005086253625794,0.179975050495002,0.199993829324188
23,MALICIOUS,Proposed w/o Asymmetry,300,0.395929841286044,0.037998833313532,0.002193863664246,0.391612471891289,0.400247210680798
24,MALICIOUS,Proposed,300,0.318232426738748,0.032530274502881,0.001878136274105,0.314536386642388,0.321928466835108
24,MALICIOUS,FATE2025,300,0.185852360196090,0.089223795702913,0.005151338246720,0.175714888824978,0.195989831567203
24,MALICIOUS,Proposed w/o Asymmetry,300,0.373596412707324,0.039055418412494,0.002254865633377,0.369158995727645,0.378033829687003
25,NORMAL,Proposed,300,0.422572589925773,0.029523524280180,0.001704541469059,0.419218172196660,0.425927007654887
25,NORMAL,FATE2025,300,0.838062262253506,0.079505987024476,0.004590280301077,0.829028913459689,0.847095611047322
25,NORMAL,Proposed w/o Asymmetry,300,0.609533026989028,0.036693701823921,0.002118511862560,0.605363944640428,0.613702109337629
26,NORMAL,Proposed,300,0.507543523739134,0.027319141499407,0.001577271369871,0.504439564614196,0.510647482864071
26,NORMAL,FATE2025,300,0.907891514633344,0.082127435951892,0.004741629725468,0.898560320816872,0.917222708449816
26,NORMAL,Proposed w/o Asymmetry,300,0.737828164843966,0.038273142791786,0.002209700929357,0.733479628825322,0.742176700862609
27,NORMAL,Proposed,300,0.578773689466090,0.025256994019861,0.001458213229629,0.575904028387679,0.581643350544500
27,NORMAL,FATE2025,300,0.927154811113578,0.075927303570146,0.004383664915507,0.918528066867110,0.935781555360045
27,NORMAL,Proposed w/o Asymmetry,300,0.812275490664181,0.035269513970833,0.002036286338525,0.808268222363885,0.816282758964477
28,NORMAL,Proposed,300,0.636835154958171,0.024336343512162,0.001405059447784,0.634070096784076,0.639600213132265
28,NORMAL,FATE2025,300,0.927353305346014,0.079638540606692,0.004597933285714,0.918304896016673,0.936401714675356
28,NORMAL,Proposed w/o Asymmetry,300,0.852381519865300,0.036190688476512,0.002089470373407,0.848269589124838,0.856493450605761
29,NORMAL,Proposed,300,0.683823749110465,0.023501965925316,0.001356886635347,0.681153491643208,0.686494006577723
29,NORMAL,FATE2025,300,0.923289882123705,0.081702519176696,0.004717097144014,0.914006966702135,0.932572797545274
29,NORMAL,Proposed w/o Asymmetry,300,0.872864835925915,0.036346867458274,0.002098487371123,0.868735160368121,0.876994511483708
30,MALICIOUS,Proposed,300,0.435598649750930,0.048119309090160,0.002778169605642,0.430131407358290,0.441065892143570
30,MALICIOUS,FATE2025,300,0.261618990018408,0.078427984879158,0.004528041818198,0.252708122181606,0.270529857855211
30,MALICIOUS,Proposed w/o Asymmetry,300,0.632655659759253,0.035165816592351,0.002030299367587,0.628660173396694,0.636651146121812
31,MALICIOUS,Proposed,300,0.362120646651224,0.045087927634784,0.002603152715714,0.356997825188861,0.367243468113588
31,MALICIOUS,FATE2025,300,0.184910535220342,0.078473774247551,0.004530685468615,0.175994464865450,0.193826605575234
31,MALICIOUS,Proposed w/o Asymmetry,300,0.499805612867589,0.035062275554217,0.002024321422963,0.495821890679615,0.503789335055563
32,MALICIOUS,Proposed,300,0.334563470913442,0.037805663337382,0.002182710990473,0.330268049196294,0.338858892630589
32,MALICIOUS,FATE2025,300,0.175619159684358,0.072971029665773,0.004212984362058,0.167328302762955,0.183910016605761
32,MALICIOUS,Proposed w/o Asymmetry,300,0.426948087077174,0.034821628609840,0.002010427665151,0.422991706827412,0.430904467326936
33,MALICIOUS,Proposed,300,0.322726421928612,0.033711709839139,0.001946346475047,0.318896148954086,0.326556694903138
33,MALICIOUS,FATE2025,300,0.179846622600506,0.078795003048865,0.004549231622106,0.170894054719912,0.188799190481100
33,MALICIOUS,Proposed w/o Asymmetry,300,0.388976447892446,0.035785074575932,0.002066052243939,0.384910602383759,0.393042293401132
34,MALICIOUS,Proposed,300,0.315133159599254,0.032208481458879,0.001859557544047,0.311473681136988,0.318792638061520
34,MALICIOUS,FATE2025,300,0.178352801425090,0.084493573142904,0.004878238719885,0.168752770715443,0.187952832134736
34,MALICIOUS,Proposed w/o Asymmetry,300,0.367357046340845,0.038573050717489,0.002227016121521,0.362974435241817,0.371739657439873
35,NORMAL,Proposed,300,0.420451190871388,0.027825730565953,0.001606519303265,0.417289673870566,0.423612707872210
35,NORMAL,FATE2025,300,0.839957255537269,0.072909909039933,0.004209455561080,0.831673343048007,0.848241168026531
35,NORMAL,Proposed w/o Asymmetry,300,0.607151375487465,0.033644259609067,0.001942452234198,0.603328766105044,0.610973984869886
36,NORMAL,Proposed,300,0.506433976514538,0.026243436667974,0.001515165522472,0.503452237329321,0.509415715699756
36,NORMAL,FATE2025,300,0.912231879729258,0.084347916603114,0.004869829235639,0.902648398293161,0.921815361165356
36,NORMAL,Proposed w/o Asymmetry,300,0.738093256518106,0.037502833681723,0.002165227112152,0.733832241843837,0.742354271192374
37,NORMAL,Proposed,300,0.577737860741921,0.024603377801658,0.001420476679676,0.574942462539771,0.580533258944072
37,NORMAL,FATE2025,300,0.926819013009280,0.078851660957073,0.004552502767961,0.917860007743705,0.935778018274855
37,NORMAL,Proposed w/o Asymmetry,300,0.812106291084958,0.036444802681543,0.002104141663875,0.807965488276701,0.816247093893215
38,NORMAL,Proposed,300,0.635577045808376,0.023514586051837,0.001357615258691,0.632905354461621,0.638248737155130
38,NORMAL,FATE2025,300,0.924562425753272,0.079632912506497,0.004597608347198,0.915514655880078,0.933610195626467
38,NORMAL,Proposed w/o Asymmetry,300,0.851238460096727,0.036790399217442,0.002124094689178,0.847058391137988,0.855418529055466
39,NORMAL,Proposed,300,0.682566666991159,0.022486050691190,0.001298232741957,0.680011836260910,0.685121497721409
39,NORMAL,FATE2025,300,0.922146393247484,0.081476482191647,0.004704046892597,0.912889159802866,0.931403626692102
39,NORMAL,Proposed w/o Asymmetry,300,0.871921153053200,0.036168122245375,0.002088167511445,0.867811786253448,0.876030519852952
40,NORMAL,Proposed,300,0.721062586601570,0.023113577250391,0.001334463004745,0.718436457262262,0.723688715940878
40,NORMAL,FATE2025,300,0.922701998251854,0.089858682891180,0.005187993475625,0.912492391968253,0.932911604535455
40,NORMAL,Proposed w/o Asymmetry,300,0.883611634179260,0.039879508205604,0.002302444479766,0.879080585376153,0.888142682982367
41,NORMAL,Proposed,300,0.753174479724218,0.022732854885497,0.001312481988759,0.750591607478425,0.755757351970012
41,NORMAL,FATE2025,300,0.926073514134016,0.081283159814091,0.004692885419925,0.916838245682620,0.935308782585411
41,NORMAL,Proposed w/o Asymmetry,300,0.891301398798593,0.037637946506100,0.002173027854704,0.887025032811614,0.895577764785571
42,NORMAL,Proposed,300,0.778104408404005,0.023713624553760,0.001369106751958,0.775410102606709,0.780798714201300
42,NORMAL,FATE2025,300,0.919553034418005,0.081039983556179,0.004678845632128,0.910345395281561,0.928760673554448
42,NORMAL,Proposed w/o Asymmetry,300,0.892905769339226,0.037787735941546,0.002181675951792,0.888612384505408,0.897199154173044
43,NORMAL,Proposed,300,0.798192228156469,0.023891403632364,0.001379370831846,0.795477723371834,0.800906732941103
43,NORMAL,FATE2025,300,0.919374422378800,0.076898908982471,0.004439760580142,0.910637285809590,0.928111558948009
43,NORMAL,Proposed w/o Asymmetry,300,0.893998173136574,0.034127617949592,0.001970358941000,0.890120645317872,0.897875700955277
44,NORMAL,Proposed,300,0.814537962641075,0.026629827870942,0.001537473828976,0.811512322277621,0.817563603004529
44,NORMAL,FATE2025,300,0.925969192823218,0.081883734214696,0.004727559599111,0.916665688025852,0.935272697620584
44,NORMAL,Proposed w/o Asymmetry,300,0.897118995225116,0.035730044137192,0.002062875060076,0.893059402190816,0.901178588259416
45,NORMAL,Proposed,300,0.827115410486421,0.029296034165972,0.001691407321191,0.823786839836574,0.830443981136268
45,NORMAL,FATE2025,300,0.925332663434199,0.076554424404371,0.004419871753752,0.916634666676525,0.934030660191873
45,NORMAL,Proposed w/o Asymmetry,300,0.898310447373814,0.035335497349021,0.002040095890641,0.894295682142883,0.902325212604744
46,NORMAL,Proposed,300,0.837262037178907,0.033047911728888,0.001908022073283,0.833507183931662,0.841016890426153
46,NORMAL,FATE2025,300,0.931898298074763,0.079340321021284,0.004580715569923,0.922883771999160,0.940912824150365
46,NORMAL,Proposed w/o Asymmetry,300,0.901485746055598,0.036006983116090,0.002078864139478,0.897394687637562,0.905576804473633
47,NORMAL,Proposed,300,0.844272805988641,0.035177410850731,0.002030968762406,0.840276002304156,0.848269609673126
47,NORMAL,FATE2025,300,0.928498918392992,0.078626054078588,0.004539477348759,0.919565546236317,0.937432290549666
47,NORMAL,Proposed w/o Asymmetry,300,0.901657160330579,0.035980122949315,0.002077313367026,0.897569153723661,0.905745166937497
48,NORMAL,Proposed,300,0.849214573608234,0.034466844054976,0.001989944169326,0.845298503437634,0.853130643778834
48,NORMAL,FATE2025,300,0.930059014546047,0.074664867070073,0.004310778110191,0.921575706406242,0.938542322685851
48,NORMAL,Proposed w/o Asymmetry,300,0.902486438181818,0.033548925435344,0.001936948113112,0.898674660522585,0.906298215841052
49,NORMAL,Proposed,300,0.852431691577854,0.037422394956109,0.002160582980163,0.848179816228713,0.856683566926995
49,NORMAL,FATE2025,300,0.929954259252879,0.079718165776831,0.004602530447056,0.920896803033340,0.939011715472418
49,NORMAL,Proposed w/o Asymmetry,300,0.902837541000000,0.034438447220177,0.001988304677304,0.898924697234391,0.906750384765609
50,NORMAL,Proposed,300,0.852143638250618,0.042197071866562,0.002436249080117,0.847349271404621,0.856938005096615
50,NORMAL,FATE2025,300,0.922766595057815,0.086344670667190,0.004985111885279,0.912956245475162,0.932576944640468
50,NORMAL,Proposed w/o Asymmetry,300,0.900300647550000,0.037780373371818,0.002181250873630,0.896008099240107,0.904593195859893
51,NORMAL,Proposed,300,0.851244274134061,0.040326389421586,0.002328245178800,0.846662451369842,0.855826096898280
51,NORMAL,FATE2025,300,0.920021835581780,0.077485390075694,0.004473621081847,0.911218063926656,0.928825607236903
51,NORMAL,Proposed w/o Asymmetry,300,0.898170356152500,0.033911575670988,0.001957885734229,0.894317374727471,0.902023337577530
52,NORMAL,Proposed,300,0.852444576964271,0.040772527543375,0.002354002975271,0.847812064668167,0.857077089260376
52,NORMAL,FATE2025,300,0.923011904616413,0.079206789170822,0.004573006104942,0.914012550225680,0.932011259007147
52,NORMAL,Proposed w/o Asymmetry,300,0.898258695883875,0.036308176203308,0.002096253530476,0.894133416367367,0.902383975400383
53,NORMAL,Proposed,300,0.852891450646126,0.038773367187067,0.002238581398284,0.848486079895824,0.857296821396428
53,NORMAL,FATE2025,300,0.925552396227197,0.079015254001453,0.004561947816783,0.916574803769822,0.934529988684573
53,NORMAL,Proposed w/o Asymmetry,300,0.899147282736131,0.035278924346622,0.002036829646824,0.895138945243313,0.903155620228949
54,NORMAL,Proposed,300,0.852596921747031,0.041474908290764,0.002394554946629,0.847884606023352,0.857309237470710
54,NORMAL,FATE2025,300,0.922255156103937,0.083819468137490,0.004839319249251,0.912731716175255,0.931778596032619
54,NORMAL,Proposed w/o Asymmetry,300,0.898271005504872,0.037796229121932,0.002182166305790,0.893976655688873,0.902565355320872
55,NORMAL,Proposed,300,0.852233895032341,0.040613670293336,0.002344831347664,0.847619431854318,0.856848358210363
55,NORMAL,FATE2025,300,0.921887513908203,0.080865596076203,0.004668777366278,0.912699688410843,0.931075339405563
55,NORMAL,Proposed w/o Asymmetry,300,0.897789053027680,0.036789924756890,0.002124067296186,0.893609037976424,0.901969068078936
56,NORMAL,Proposed,300,0.852834429221089,0.039245288958221,0.002265827814445,0.848375439440048,0.857293419002130
56,NORMAL,FATE2025,300,0.924325311485079,0.078716382327724,0.004544692452654,0.915381676370721,0.933268946599436
56,NORMAL,Proposed w/o Asymmetry,300,0.898468979165224,0.034943175588635,0.002017445183244,0.894498788933405,0.902439169397043
57,NORMAL,Proposed,300,0.855246730717356,0.037741354024048,0.002178998090537,0.850958615726152,0.859534845708560
57,NORMAL,FATE2025,300,0.928188705001373,0.074938764278307,0.004326591572882,0.919674277079169,0.936703132923577
57,NORMAL,Proposed w/o Asymmetry,300,0.900207938540873,0.034631843111567,0.001999470394300,0.896273121429513,0.904142755652234
58,NORMAL,Proposed,300,0.854778978801848,0.041965694079523,0.002422890477354,0.850010900746566,0.859547056857130
58,NORMAL,FATE2025,300,0.923107846832107,0.084363358365028,0.004870720766179,0.913522610926609,0.932693082737605
58,NORMAL,Proposed w/o Asymmetry,300,0.899064366197480,0.038042915455411,0.002196408747894,0.894741988257104,0.903386744137856
59,NORMAL,Proposed,300,0.856378680561405,0.039720590852923,0.002293269382131,0.851865687705150,0.860891673417660
59,NORMAL,FATE2025,300,0.924749613553512,0.075040455911222,0.004332462742046,0.916223631583319,0.933275595523706
59,NORMAL,Proposed w/o Asymmetry,300,0.899275401408614,0.036483420632790,0.002106371272330,0.895130210887728,0.903420591929500
