time_s,behavior_state,comparison,n,difference_mean,difference_sample_sd,difference_standard_error,difference_ci95_low,difference_ci95_high
0,NORMAL,Proposed - Proposed w/o Asymmetry,300,-0.108000000000000,0.018354846807800,0.001059717574542,-0.110085449655771,-0.105914550344229
0,NORMAL,Proposed - FATE2025,300,-0.287941348973607,0.068531710449317,0.003956680147594,-0.295727817227060,-0.280154880720154
1,NORMAL,Proposed - Proposed w/o Asymmetry,300,-0.148149000000000,0.018950368702831,0.001094100047182,-0.150302111943776,-0.145995888056224
1,NORMAL,Proposed - FATE2025,300,-0.285373588753252,0.063474260611587,0.003664688145071,-0.292585437281811,-0.278161740224693
2,NORMAL,Proposed - Proposed w/o Asymmetry,300,-0.154697130000000,0.019131690649077,0.001104568674630,-0.156870843466324,-0.152523416533676
2,NORMAL,Proposed - FATE2025,300,-0.247021966236016,0.064221403859379,0.003707824480595,-0.254318704039066,-0.239725228432965
3,NORMAL,Proposed - Proposed w/o Asymmetry,300,-0.145179134172000,0.019437240628744,0.001122209610931,-0.147387563760262,-0.142970704583738
3,NORMAL,Proposed - FATE2025,300,-0.208340896565819,0.069820894974086,0.004031111250835,-0.216273839995642,-0.200407953135997
4,NORMAL,Proposed - Proposed w/o Asymmetry,300,-0.130753161837000,0.017491727560718,0.001009885361577,-0.132740545202403,-0.128765778471597
4,NORMAL,Proposed - FATE2025,300,-0.181509125417992,0.063439243652823,0.003662666440014,-0.188716995373188,-0.174301255462797
5,NORMAL,Proposed - Proposed w/o Asymmetry,300,-0.111872474898779,0.017574219992323,0.001014648064337,-0.113869230928247,-0.109875718869311
5,NORMAL,Proposed - FATE2025,300,-0.145482143297468,0.065432942060787,0.003777772671266,-0.152916534220238,-0.138047752374697
6,NORMAL,Proposed - Proposed w/o Asymmetry,300,-0.095010691520163,0.017405437175294,0.001004903383852,-0.096988270703790,-0.093033112336537
6,NORMAL,Proposed - FATE2025,300,-0.123709674467660,0.066363343937168,0.003831489448645,-0.131249776230360,-0.116169572704960
7,NORMAL,Proposed - Proposed w/o Asymmetry,300,-0.081303690786095,0.017681565626271,0.001020845667402,-0.083312643262513,-0.079294738309677
7,NORMAL,Proposed - FATE2025,300,-0.111317568643472,0.062246505634344,0.003593803678410,-0.118389921527013,-0.104245215759932
8,NORMAL,Proposed - Proposed w/o Asymmetry,300,-0.070232373393566,0.015799816929614,0.000912202855746,-0.072027524457595,-0.068437222329537
8,NORMAL,Proposed - FATE2025,300,-0.099282159593539,0.058019716587040,0.003349769898983,-0.105874271162292,-0.092690048024787
9,NORMAL,Proposed - Proposed w/o Asymmetry,300,-0.062412920988559,0.016518819730369,0.000953714501802,-0.064289764052474,-0.060536077924644
9,NORMAL,Proposed - FATE2025,300,-0.090675177216404,0.061749333360059,0.003565099423771,-0.097691042145612,-0.083659312287196
10,NORMAL,Proposed - Proposed w/o Asymmetry,300,-0.056070387832138,0.016416702920221,0.000947818785020,-0.057935628540076,-0.054205147124201
10,NORMAL,Proposed - FATE2025,300,-0.081536070894085,0.059207363838392,0.003418338745010,-0.088263121129308,-0.074809020658862
11,NORMAL,Proposed - Proposed w/o Asymmetry,300,-0.052896317903123,0.015818057143817,0.000913255955004,-0.054693541392426,-0.051099094413820
11,NORMAL,Proposed - FATE2025,300,-0.086277234968978,0.054596788375234,0.003152147046533,-0.092480438663108,-0.080074031274847
12,NORMAL,Proposed - Proposed w/o Asymmetry,300,-0.048765214016149,0.015465707915766,0.000892913062838,-0.050522404124403,-0.047008023907895
12,NORMAL,Proposed - FATE2025,300,-0.070717280191673,0.056944938277565,0.003287717544354,-0.077187277090715,-0.064247283292631
13,NORMAL,Proposed - Proposed w/o Asymmetry,300,-0.046806952561817,0.016242274286811,0.000937748143174,-0.048652374954880,-0.044961530168753
13,NORMAL,Proposed - FATE2025,300,-0.071337587875138,0.056970583899167,0.003289198195007,-0.077810498590531,-0.064864677159746
14,NORMAL,Proposed - Proposed w/o Asymmetry,300,-0.047259380535272,0.017104582374719,0.000987533523842,-0.049202777056038,-0.045315984014507
14,NORMAL,Proposed - FATE2025,300,-0.074064081275010,0.060007357177909,0.003464526382002,-0.080882025531413,-0.067246137018607
15,NORMAL,Proposed - Proposed w/o Asymmetry,300,-0.046171127171219,0.017359852911039,0.001002271575128,-0.048143527140375,-0.044198727202063
15,NORMAL,Proposed - FATE2025,300,-0.072082831294778,0.058683895704716,0.003388116298221,-0.078750405880293,-0.065415256709264
16,NORMAL,Proposed - Proposed w/o Asymmetry,300,-0.045253595981669,0.019138038389407,0.001104935161589,-0.047428030668553,-0.043079161294785
16,NORMAL,Proposed - FATE2025,300,-0.064464341128419,0.061337312643571,0.003541311396613,-0.071433392893215,-0.057495289363623
17,NORMAL,Proposed - Proposed w/o Asymmetry,300,-0.045949340881535,0.020493962363777,0.001183219468749,-0.048277833579102,-0.043620848183968
17,NORMAL,Proposed - FATE2025,300,-0.075124053602515,0.059884545667032,0.003457435856116,-0.081928044202657,-0.068320063002373
18,NORMAL,Proposed - Proposed w/o Asymmetry,300,-0.045583737671217,0.020183660754026,0.001165304196957,-0.047876974373895,-0.043290500968539
18,NORMAL,Proposed - FATE2025,300,-0.069864146294104,0.061790517855946,0.003567477211750,-0.076884690542822,-0.062843602045386
19,NORMAL,Proposed - Proposed w/o Asymmetry,300,-0.045499758437943,0.019329884993518,0.001116011430441,-0.047695990442925,-0.043303526432961
19,NORMAL,Proposed - FATE2025,300,-0.066819255284303,0.060901243591793,0.003516134938170,-0.073738761549567,-0.059899749019039
20,MALICIOUS,Proposed - Proposed w/o Asymmetry,300,-0.163530938684397,0.021727006990997,0.001254409333494,-0.165999528028932,-0.161062349339862
20,MALICIOUS,Proposed - FATE2025,300,0.221796311335075,0.032475899322961,0.001874996921629,0.218106449263595,0.225486173406554
21,MALICIOUS,Proposed - Proposed w/o Asymmetry,300,-0.128380246669758,0.018436005140994,0.001064403253093,-0.130474917411370,-0.126285575928145
21,MALICIOUS,Proposed - FATE2025,300,0.189147720343180,0.034936729334970,0.002017073008615,0.185178262524855,0.193117178161506
22,MALICIOUS,Proposed - Proposed w/o Asymmetry,300,-0.091625064103977,0.014375925626299,0.000829994453019,-0.093258434813234,-0.089991693394721
22,MALICIOUS,Proposed - FATE2025,300,0.163825615408335,0.050147724693704,0.002895280235116,0.158127907533391,0.169523323283279
23,MALICIOUS,Proposed - Proposed w/o Asymmetry,300,-0.068159468109147,0.016874932538005,0.000974274684337,-0.070076772166274,-0.066242164052020
23,MALICIOUS,Proposed - FATE2025,300,0.137785933267302,0.065644030098403,0.003789959844800,0.130327558844151,0.145244307690452
24,MALICIOUS,Proposed - Proposed w/o Asymmetry,300,-0.055363985968576,0.017177213710415,0.000991726895964,-0.057315634750753,-0.053412337186399
24,MALICIOUS,Proposed - FATE2025,300,0.132380066542657,0.067319591833856,0.003886698446701,0.124731317354683,0.140028815730632
25,NORMAL,Proposed - Proposed w/o Asymmetry,300,-0.186960437063255,0.020777898647832,0.001199612537752,-0.189321190167681,-0.184599683958830
25,NORMAL,Proposed - FATE2025,300,-0.415489672327732,0.069096393507003,0.003989282139130,-0.423340299007600,-0.407639045647865
26,NORMAL,Proposed - Proposed w/o Asymmetry,300,-0.230284641104832,0.024122545879026,0.001392715835679,-0.233025407918443,-0.227543874291220
26,NORMAL,Proposed - FATE2025,300,-0.400347990894210,0.072072783205152,0.004161124078474,-0.408536790424903,-0.392159191363518
27,NORMAL,Proposed - Proposed w/o Asymmetry,300,-0.233501801198091,0.022057262049156,0.001273476618167,-0.236007913617843,-0.230995688778340
27,NORMAL,Proposed - FATE2025,300,-0.348381121647488,0.066543999493101,0.003841919602030,-0.355941749218487,-0.340820494076489
28,NORMAL,Proposed - Proposed w/o Asymmetry,300,-0.215546364907129,0.022122171407172,0.001277224161699,-0.218059852228984,-0.213032877585274
28,NORMAL,Proposed - FATE2025,300,-0.290518150387844,0.068672631421688,0.003964816223727,-0.298320629866909,-0.282715670908778
29,NORMAL,Proposed - Proposed w/o Asymmetry,300,-0.189041086815449,0.021937132340021,0.001266540926176,-0.191533550281157,-0.186548623349742
29,NORMAL,Proposed - FATE2025,300,-0.239466133013239,0.070736643107151,0.004083981993948,-0.247503122347060,-0.231429143679418
30,MALICIOUS,Proposed - Proposed w/o Asymmetry,300,-0.197057010008323,0.024049856794958,0.001388519129454,-0.199789517999241,-0.194324502017405
30,MALICIOUS,Proposed - FATE2025,300,0.173979659732522,0.031148456991909,0.001798357002912,0.170440619630919,0.177518699834124
31,MALICIOUS,Proposed - Proposed w/o Asymmetry,300,-0.137684966216365,0.017397431296439,0.001004441164221,-0.139661635784266,-0.135708296648464
31,MALICIOUS,Proposed - FATE2025,300,0.177210111430883,0.037460014704402,0.002162754957343,0.172953961783408,0.181466261078358
32,MALICIOUS,Proposed - Proposed w/o Asymmetry,300,-0.092384616163732,0.014624604764985,0.000844351949786,-0.094046241416849,-0.090722990910616
32,MALICIOUS,Proposed - FATE2025,300,0.158944311229084,0.046503285282908,0.002684868427629,0.153660678992815,0.164227943465352
33,MALICIOUS,Proposed - Proposed w/o Asymmetry,300,-0.066250025963834,0.014874883387925,0.000858801792818,-0.067940087491767,-0.064559964435900
33,MALICIOUS,Proposed - FATE2025,300,0.142879799328106,0.056456549300657,0.003259520393625,0.136465292438566,0.149294306217646
34,MALICIOUS,Proposed - Proposed w/o Asymmetry,300,-0.052223886741591,0.016849500111154,0.000972806342489,-0.054138301205230,-0.050309472277953
34,MALICIOUS,Proposed - FATE2025,300,0.136780358174164,0.062140889029362,0.003587705900878,0.129720005287944,0.143840711060385
35,NORMAL,Proposed - Proposed w/o Asymmetry,300,-0.186700184616077,0.020755261802713,0.001198305598890,-0.189058365756739,-0.184342003475414
35,NORMAL,Proposed - FATE2025,300,-0.419506064665880,0.066236929484405,0.003824190906812,-0.427031803411566,-0.411980325920195
36,NORMAL,Proposed - Proposed w/o Asymmetry,300,-0.231659280003567,0.024163970690726,0.001395107498298,-0.234404753441004,-0.228913806566130
36,NORMAL,Proposed - FATE2025,300,-0.405797903214720,0.073914496030491,0.004267455418022,-0.414195955343260,-0.397399851086179
37,NORMAL,Proposed - Proposed w/o Asymmetry,300,-0.234368430343037,0.023135970142656,0.001335755858983,-0.236997103928557,-0.231739756757517
37,NORMAL,Proposed - FATE2025,300,-0.349081152267358,0.068822762140006,0.003973484024791,-0.356900689369302,-0.341261615165414
38,NORMAL,Proposed - Proposed w/o Asymmetry,300,-0.215661414288351,0.023029590674428,0.001329614037521,-0.218278001201195,-0.213044827375508
38,NORMAL,Proposed - FATE2025,300,-0.288985379944897,0.069183450455946,0.003994308374421,-0.296845897902317,-0.281124861987477
39,NORMAL,Proposed - Proposed w/o Asymmetry,300,-0.189354486062041,0.022372047279829,0.001291650751933,-0.191896363898841,-0.186812608225240
39,NORMAL,Proposed - FATE2025,300,-0.239579726256325,0.071136429239967,0.004107063657088,-0.247662138679850,-0.231497313832799
40,NORMAL,Proposed - Proposed w/o Asymmetry,300,-0.162549047577690,0.024184360712139,0.001396284716733,-0.165296837698212,-0.159801257457167
40,NORMAL,Proposed - FATE2025,300,-0.201639411650284,0.077220779321697,0.004458343772841,-0.210413118635753,-0.192865704664815
41,NORMAL,Proposed - Proposed w/o Asymmetry,300,-0.138126919074375,0.021843250998094,0.001261120684373,-0.140608715885424,-0.135645122263325
41,NORMAL,Proposed - FATE2025,300,-0.172899034409797,0.069772584134954,0.004028322023237,-0.180826488835876,-0.164971579983718
42,NORMAL,Proposed - Proposed w/o Asymmetry,300,-0.114801360935222,0.019962947171653,0.001152561292337,-0.117069520497829,-0.112533201372614
42,NORMAL,Proposed - FATE2025,300,-0.141448626014000,0.067137135369910,0.003876164317844,-0.149076644777258,-0.133820607250742
43,NORMAL,Proposed - Proposed w/o Asymmetry,300,-0.095805944980106,0.018095907698400,0.001044767718090,-0.097861974369818,-0.093749915590394
43,NORMAL,Proposed - FATE2025,300,-0.121182194222331,0.065324167890188,0.003771492591599,-0.128604226390000,-0.113760162054662
44,NORMAL,Proposed - Proposed w/o Asymmetry,300,-0.082581032584041,0.017991001416200,0.001038710951063,-0.084625142682222,-0.080536922485860
44,NORMAL,Proposed - FATE2025,300,-0.111431230182143,0.066287132150847,0.003827089359110,-0.118962672878101,-0.103899787486185
45,NORMAL,Proposed - Proposed w/o Asymmetry,300,-0.071195036887393,0.016669564113888,0.000962417732843,-0.073089007297889,-0.069301066476897
45,NORMAL,Proposed - FATE2025,300,-0.098217252947778,0.059253167146568,0.003420983200241,-0.104949507284907,-0.091484998610648
46,NORMAL,Proposed - Proposed w/o Asymmetry,300,-0.064223708876690,0.016814174646387,0.000970766825829,-0.066134109714984,-0.062313308038396
46,NORMAL,Proposed - FATE2025,300,-0.094636260895855,0.060269701224298,0.003479672822583,-0.101484012282057,-0.087788509509653
47,NORMAL,Proposed - Proposed w/o Asymmetry,300,-0.057384354341937,0.016511318967309,0.000953281445045,-0.059260345180612,-0.055508363503263
47,NORMAL,Proposed - FATE2025,300,-0.084226112404351,0.059095363429990,0.003411872398416,-0.090940437324260,-0.077511787484441
48,NORMAL,Proposed - Proposed w/o Asymmetry,300,-0.053271864573584,0.017400815284598,0.001004636538868,-0.055248918625050,-0.051294810522118
48,NORMAL,Proposed - FATE2025,300,-0.080844440937812,0.058381875813212,0.003370679171655,-0.087477700484615,-0.074211181391010
49,NORMAL,Proposed - Proposed w/o Asymmetry,300,-0.050405849422146,0.017960192903703,0.001036932220765,-0.052446459104200,-0.048365239740093
49,NORMAL,Proposed - FATE2025,300,-0.077522567675025,0.059182022820999,0.003416875680689,-0.084246738702562,-0.070798396647488
50,NORMAL,Proposed - Proposed w/o Asymmetry,300,-0.048157009299382,0.018955059794698,0.001094370887497,-0.050310654237850,-0.046003364360914
50,NORMAL,Proposed - FATE2025,300,-0.070622956807197,0.060613400734266,0.003499516323043,-0.077509758806693,-0.063736154807702
51,NORMAL,Proposed - Proposed w/o Asymmetry,300,-0.046926082018439,0.020519479522327,0.001184692702585,-0.049257473936581,-0.044594690100297
51,NORMAL,Proposed - FATE2025,300,-0.068777561447718,0.060720749123184,0.003505714085167,-0.075676560207179,-0.061878562688258
52,NORMAL,Proposed - Proposed w/o Asymmetry,300,-0.045814118919604,0.020554667059212,0.001186724255974,-0.048149508791935,-0.043478729047273
52,NORMAL,Proposed - FATE2025,300,-0.070567327652142,0.058712667205892,0.003389777421616,-0.077238171211670,-0.063896484092614
53,NORMAL,Proposed - Proposed w/o Asymmetry,300,-0.046255832090005,0.020199359189312,0.001166210546541,-0.048550852424920,-0.043960811755090
53,NORMAL,Proposed - FATE2025,300,-0.072660945581071,0.060819683809775,0.003511426081960,-0.079571185148492,-0.065750706013651
54,NORMAL,Proposed - Proposed w/o Asymmetry,300,-0.045674083757841,0.018982868928456,0.001095976448584,-0.047830888327606,-0.043517279188077
54,NORMAL,Proposed - FATE2025,300,-0.069658234356906,0.059257140717471,0.003421212614464,-0.076390940165091,-0.062925528548721
55,NORMAL,Proposed - Proposed w/o Asymmetry,300,-0.045555157995339,0.018950318799615,0.001094097166019,-0.047708264269188,-0.043402051721490
55,NORMAL,Proposed - FATE2025,300,-0.069653618875862,0.059708264416888,0.003447258253394,-0.076437580669647,-0.062869657082078
56,NORMAL,Proposed - Proposed w/o Asymmetry,300,-0.045634549944135,0.019011787229784,0.001097646047489,-0.047794640167121,-0.043474459721148
56,NORMAL,Proposed - FATE2025,300,-0.071490882263990,0.060008768939369,0.003464607890088,-0.078308986922574,-0.064672777605406
57,NORMAL,Proposed - Proposed w/o Asymmetry,300,-0.044961207823518,0.019743041227584,0.001139865016737,-0.047204382008684,-0.042718033638351
57,NORMAL,Proposed - FATE2025,300,-0.072941974284018,0.058093253657319,0.003354015563715,-0.079542441022361,-0.066341507545674
58,NORMAL,Proposed - Proposed w/o Asymmetry,300,-0.044285387395632,0.018498387737363,0.001068004913974,-0.046387145952550,-0.042183628838715
58,NORMAL,Proposed - FATE2025,300,-0.068328868030259,0.058592527817379,0.003382841170786,-0.074986061535987,-0.061671674524532
59,NORMAL,Proposed - Proposed w/o Asymmetry,300,-0.042896720847209,0.017348999086342,0.001001644929267,-0.044867887621383,-0.040925554073035
59,NORMAL,Proposed - FATE2025,300,-0.068370932992107,0.054793716832463,0.003163516716312,-0.074596511396723,-0.062145354587491
