case_id,method,inherited_trust,resolution_quality,access_state,resolution_branch
C1,Proposed Dual-Source,0.59999999999999998,NORMAL,NORMAL,BOTH_VALID_SOURCE
C1,Source-only,0.59999999999999998,NORMAL,NORMAL,SOURCE_ONLY
C1,Blockchain-only,0.59999999999999998,NORMAL,NORMAL,BLOCKCHAIN_ONLY
C2,Proposed Dual-Source,0.60000000000000009,NORMAL,NORMAL,BOTH_VALID_RECOVERY
C2,Source-only,0.80000000000000004,NORMAL,NORMAL,SOURCE_ONLY
C2,Blockchain-only,0.40000000000000002,NORMAL,NORMAL,BLOCKCHAIN_ONLY
C3,Proposed Dual-Source,0.69999999999999996,NORMAL,NORMAL,SOURCE_ONLY
C3,Source-only,0.69999999999999996,NORMAL,NORMAL,SOURCE_ONLY
C3,Blockchain-only,0.40000000000000002,PROVISIONAL,RESTRICTED,BOTH_UNAVAILABLE
C4,Proposed Dual-Source,0.69999999999999996,NORMAL,NORMAL,BLOCKCHAIN_ONLY
C4,Source-only,0.40000000000000002,PROVISIONAL,RESTRICTED,BOTH_UNAVAILABLE
C4,Blockchain-only,0.69999999999999996,NORMAL,NORMAL,BLOCKCHAIN_ONLY
C5,Proposed Dual-Source,0.69999999999999996,NORMAL,NORMAL,BLOCKCHAIN_ONLY
C5,Source-only,0.40000000000000002,REVIEW,RESTRICTED,REVIEW_FALLBACK
C5,Blockchain-only,0.69999999999999996,NORMAL,NORMAL,BLOCKCHAIN_ONLY
C6,Proposed Dual-Source,0.40000000000000002,PROVISIONAL,RESTRICTED,BOTH_UNAVAILABLE
C6,Source-only,0.40000000000000002,PROVISIONAL,RESTRICTED,BOTH_UNAVAILABLE
C6,Blockchain-only,0.40000000000000002,PROVISIONAL,RESTRICTED,BOTH_UNAVAILABLE
C7,Proposed Dual-Source,0.40000000000000002,REVIEW,RESTRICTED,REVIEW_FALLBACK
C7,Source-only,0.40000000000000002,REVIEW,RESTRICTED,REVIEW_FALLBACK
C7,Blockchain-only,0.40000000000000002,PROVISIONAL,RESTRICTED,BOTH_UNAVAILABLE
