scenario_id,time_s,service_state,method,ack_ratio,eta,direct_trust,contextual_trust,historical_trust,abnormality,counter,full_breaker,effective_breaker,T_rep_pre,trust_drop,abnormal_drop_trigger,report_trigger,admissible,T_rep_post
E4_TRANSIENT,0.0,NORMAL,Proposed Dual-Condition Breaker,0.90000000000000002,0.90000000000000013,0.90000000000000002,0.86000000000000010,0.57200000000000006,FALSE,0,FALSE,FALSE,0.50000000000000000,-0.07200000000000006,FALSE,FALSE,,0.50000000000000000
E4_TRANSIENT,0.0,NORMAL,History-only Breaker,0.90000000000000002,0.90000000000000013,0.90000000000000002,0.86000000000000010,0.57200000000000006,FALSE,0,FALSE,FALSE,0.50000000000000000,-0.07200000000000006,FALSE,FALSE,,0.50000000000000000
E4_TRANSIENT,0.0,NORMAL,No Local Breaker,0.90000000000000002,0.90000000000000013,0.90000000000000002,0.86000000000000010,0.57200000000000006,FALSE,0,FALSE,FALSE,0.50000000000000000,-0.07200000000000006,FALSE,FALSE,,0.50000000000000000
E4_TRANSIENT,1.0,NORMAL,Proposed Dual-Condition Breaker,0.90000000000000002,0.90000000000000013,0.90000000000000002,0.86720000000000008,0.63104000000000005,FALSE,0,FALSE,FALSE,0.50000000000000000,-0.13104000000000005,FALSE,FALSE,,0.50000000000000000
E4_TRANSIENT,1.0,NORMAL,History-only Breaker,0.90000000000000002,0.90000000000000013,0.90000000000000002,0.86720000000000008,0.63104000000000005,FALSE,0,FALSE,FALSE,0.50000000000000000,-0.13104000000000005,FALSE,FALSE,,0.50000000000000000
E4_TRANSIENT,1.0,NORMAL,No Local Breaker,0.90000000000000002,0.90000000000000013,0.90000000000000002,0.86720000000000008,0.63104000000000005,FALSE,0,FALSE,FALSE,0.50000000000000000,-0.13104000000000005,FALSE,FALSE,,0.50000000000000000
E4_TRANSIENT,2.0,NORMAL,Proposed Dual-Condition Breaker,0.90000000000000002,0.90000000000000013,0.90000000000000002,0.87310400000000010,0.67945280000000008,FALSE,0,FALSE,FALSE,0.50000000000000000,-0.17945280000000008,FALSE,FALSE,,0.50000000000000000
E4_TRANSIENT,2.0,NORMAL,History-only Breaker,0.90000000000000002,0.90000000000000013,0.90000000000000002,0.87310400000000010,0.67945280000000008,FALSE,0,FALSE,FALSE,0.50000000000000000,-0.17945280000000008,FALSE,FALSE,,0.50000000000000000
E4_TRANSIENT,2.0,NORMAL,No Local Breaker,0.90000000000000002,0.90000000000000013,0.90000000000000002,0.87310400000000010,0.67945280000000008,FALSE,0,FALSE,FALSE,0.50000000000000000,-0.17945280000000008,FALSE,FALSE,,0.50000000000000000
E4_TRANSIENT,3.0,NORMAL,Proposed Dual-Condition Breaker,0.90000000000000002,0.90000000000000013,0.90000000000000002,0.87794528000000005,0.71915129600000005,FALSE,0,FALSE,FALSE,0.50000000000000000,-0.21915129600000005,FALSE,FALSE,,0.50000000000000000
E4_TRANSIENT,3.0,NORMAL,History-only Breaker,0.90000000000000002,0.90000000000000013,0.90000000000000002,0.87794528000000005,0.71915129600000005,FALSE,0,FALSE,FALSE,0.50000000000000000,-0.21915129600000005,FALSE,FALSE,,0.50000000000000000
E4_TRANSIENT,3.0,NORMAL,No Local Breaker,0.90000000000000002,0.90000000000000013,0.90000000000000002,0.87794528000000005,0.71915129600000005,FALSE,0,FALSE,FALSE,0.50000000000000000,-0.21915129600000005,FALSE,FALSE,,0.50000000000000000
E4_TRANSIENT,4.0,NORMAL,Proposed Dual-Condition Breaker,0.90000000000000002,0.90000000000000013,0.90000000000000002,0.88191512960000007,0.75170406272000001,FALSE,0,FALSE,FALSE,0.50000000000000000,-0.25170406272000001,FALSE,FALSE,,0.50000000000000000
E4_TRANSIENT,4.0,NORMAL,History-only Breaker,0.90000000000000002,0.90000000000000013,0.90000000000000002,0.88191512960000007,0.75170406272000001,FALSE,0,FALSE,FALSE,0.50000000000000000,-0.25170406272000001,FALSE,FALSE,,0.50000000000000000
E4_TRANSIENT,4.0,NORMAL,No Local Breaker,0.90000000000000002,0.90000000000000013,0.90000000000000002,0.88191512960000007,0.75170406272000001,FALSE,0,FALSE,FALSE,0.50000000000000000,-0.25170406272000001,FALSE,FALSE,,0.50000000000000000
E4_TRANSIENT,5.0,NORMAL,Proposed Dual-Condition Breaker,0.90000000000000002,0.90000000000000013,0.90000000000000002,0.88517040627200005,0.77839733143040002,FALSE,0,FALSE,FALSE,0.50000000000000000,-0.27839733143040002,FALSE,FALSE,,0.50000000000000000
E4_TRANSIENT,5.0,NORMAL,History-only Breaker,0.90000000000000002,0.90000000000000013,0.90000000000000002,0.88517040627200005,0.77839733143040002,FALSE,0,FALSE,FALSE,0.50000000000000000,-0.27839733143040002,FALSE,FALSE,,0.50000000000000000
E4_TRANSIENT,5.0,NORMAL,No Local Breaker,0.90000000000000002,0.90000000000000013,0.90000000000000002,0.88517040627200005,0.77839733143040002,FALSE,0,FALSE,FALSE,0.50000000000000000,-0.27839733143040002,FALSE,FALSE,,0.50000000000000000
E4_TRANSIENT,6.0,NORMAL,Proposed Dual-Condition Breaker,0.90000000000000002,0.90000000000000013,0.90000000000000002,0.88783973314304010,0.80028581177292801,FALSE,0,FALSE,FALSE,0.50000000000000000,-0.30028581177292801,FALSE,FALSE,,0.50000000000000000
E4_TRANSIENT,6.0,NORMAL,History-only Breaker,0.90000000000000002,0.90000000000000013,0.90000000000000002,0.88783973314304010,0.80028581177292801,FALSE,0,FALSE,FALSE,0.50000000000000000,-0.30028581177292801,FALSE,FALSE,,0.50000000000000000
E4_TRANSIENT,6.0,NORMAL,No Local Breaker,0.90000000000000002,0.90000000000000013,0.90000000000000002,0.88783973314304010,0.80028581177292801,FALSE,0,FALSE,FALSE,0.50000000000000000,-0.30028581177292801,FALSE,FALSE,,0.50000000000000000
E4_TRANSIENT,7.0,NORMAL,Proposed Dual-Condition Breaker,0.90000000000000002,0.90000000000000013,0.90000000000000002,0.89002858117729289,0.81823436565380103,FALSE,0,FALSE,FALSE,0.50000000000000000,-0.31823436565380103,FALSE,FALSE,,0.50000000000000000
E4_TRANSIENT,7.0,NORMAL,History-only Breaker,0.90000000000000002,0.90000000000000013,0.90000000000000002,0.89002858117729289,0.81823436565380103,FALSE,0,FALSE,FALSE,0.50000000000000000,-0.31823436565380103,FALSE,FALSE,,0.50000000000000000
E4_TRANSIENT,7.0,NORMAL,No Local Breaker,0.90000000000000002,0.90000000000000013,0.90000000000000002,0.89002858117729289,0.81823436565380103,FALSE,0,FALSE,FALSE,0.50000000000000000,-0.31823436565380103,FALSE,FALSE,,0.50000000000000000
E4_TRANSIENT,8.0,NORMAL,Proposed Dual-Condition Breaker,0.90000000000000002,0.90000000000000013,0.90000000000000002,0.89182343656538010,0.83295217983611680,FALSE,0,FALSE,FALSE,0.50000000000000000,-0.33295217983611680,FALSE,FALSE,,0.50000000000000000
E4_TRANSIENT,8.0,NORMAL,History-only Breaker,0.90000000000000002,0.90000000000000013,0.90000000000000002,0.89182343656538010,0.83295217983611680,FALSE,0,FALSE,FALSE,0.50000000000000000,-0.33295217983611680,FALSE,FALSE,,0.50000000000000000
E4_TRANSIENT,8.0,NORMAL,No Local Breaker,0.90000000000000002,0.90000000000000013,0.90000000000000002,0.89182343656538010,0.83295217983611680,FALSE,0,FALSE,FALSE,0.50000000000000000,-0.33295217983611680,FALSE,FALSE,,0.50000000000000000
E4_TRANSIENT,9.0,NORMAL,Proposed Dual-Condition Breaker,0.90000000000000002,0.90000000000000013,0.90000000000000002,0.89329521798361178,0.84502078746561582,FALSE,0,FALSE,FALSE,0.50000000000000000,-0.34502078746561582,FALSE,FALSE,,0.50000000000000000
E4_TRANSIENT,9.0,NORMAL,History-only Breaker,0.90000000000000002,0.90000000000000013,0.90000000000000002,0.89329521798361178,0.84502078746561582,FALSE,0,FALSE,FALSE,0.50000000000000000,-0.34502078746561582,FALSE,FALSE,,0.50000000000000000
E4_TRANSIENT,9.0,NORMAL,No Local Breaker,0.90000000000000002,0.90000000000000013,0.90000000000000002,0.89329521798361178,0.84502078746561582,FALSE,0,FALSE,FALSE,0.50000000000000000,-0.34502078746561582,FALSE,FALSE,,0.50000000000000000
E4_TRANSIENT,10.0,NORMAL,Proposed Dual-Condition Breaker,0.90000000000000002,0.90000000000000013,0.90000000000000002,0.89450207874656162,0.85491704572180494,FALSE,0,FALSE,FALSE,0.50000000000000000,-0.35491704572180494,FALSE,FALSE,,0.50000000000000000
E4_TRANSIENT,10.0,NORMAL,History-only Breaker,0.90000000000000002,0.90000000000000013,0.90000000000000002,0.89450207874656162,0.85491704572180494,FALSE,0,FALSE,FALSE,0.50000000000000000,-0.35491704572180494,FALSE,FALSE,,0.50000000000000000
E4_TRANSIENT,10.0,NORMAL,No Local Breaker,0.90000000000000002,0.90000000000000013,0.90000000000000002,0.89450207874656162,0.85491704572180494,FALSE,0,FALSE,FALSE,0.50000000000000000,-0.35491704572180494,FALSE,FALSE,,0.50000000000000000
E4_TRANSIENT,11.0,NORMAL,Proposed Dual-Condition Breaker,0.90000000000000002,0.90000000000000013,0.90000000000000002,0.89549170457218052,0.86303197749188010,FALSE,0,FALSE,FALSE,0.50000000000000000,-0.36303197749188010,FALSE,FALSE,,0.50000000000000000
E4_TRANSIENT,11.0,NORMAL,History-only Breaker,0.90000000000000002,0.90000000000000013,0.90000000000000002,0.89549170457218052,0.86303197749188010,FALSE,0,FALSE,FALSE,0.50000000000000000,-0.36303197749188010,FALSE,FALSE,,0.50000000000000000
E4_TRANSIENT,11.0,NORMAL,No Local Breaker,0.90000000000000002,0.90000000000000013,0.90000000000000002,0.89549170457218052,0.86303197749188010,FALSE,0,FALSE,FALSE,0.50000000000000000,-0.36303197749188010,FALSE,FALSE,,0.50000000000000000
E4_TRANSIENT,12.0,NORMAL,Proposed Dual-Condition Breaker,0.90000000000000002,0.90000000000000013,0.90000000000000002,0.89630319774918810,0.86968622154334174,FALSE,0,FALSE,FALSE,0.50000000000000000,-0.36968622154334174,FALSE,FALSE,,0.50000000000000000
E4_TRANSIENT,12.0,NORMAL,History-only Breaker,0.90000000000000002,0.90000000000000013,0.90000000000000002,0.89630319774918810,0.86968622154334174,FALSE,0,FALSE,FALSE,0.50000000000000000,-0.36968622154334174,FALSE,FALSE,,0.50000000000000000
E4_TRANSIENT,12.0,NORMAL,No Local Breaker,0.90000000000000002,0.90000000000000013,0.90000000000000002,0.89630319774918810,0.86968622154334174,FALSE,0,FALSE,FALSE,0.50000000000000000,-0.36968622154334174,FALSE,FALSE,,0.50000000000000000
E4_TRANSIENT,13.0,NORMAL,Proposed Dual-Condition Breaker,0.90000000000000002,0.90000000000000013,0.90000000000000002,0.89696862215433426,0.87514270166554020,FALSE,0,FALSE,FALSE,0.50000000000000000,-0.37514270166554020,FALSE,FALSE,,0.50000000000000000
E4_TRANSIENT,13.0,NORMAL,History-only Breaker,0.90000000000000002,0.90000000000000013,0.90000000000000002,0.89696862215433426,0.87514270166554020,FALSE,0,FALSE,FALSE,0.50000000000000000,-0.37514270166554020,FALSE,FALSE,,0.50000000000000000
E4_TRANSIENT,13.0,NORMAL,No Local Breaker,0.90000000000000002,0.90000000000000013,0.90000000000000002,0.89696862215433426,0.87514270166554020,FALSE,0,FALSE,FALSE,0.50000000000000000,-0.37514270166554020,FALSE,FALSE,,0.50000000000000000
E4_TRANSIENT,14.0,NORMAL,Proposed Dual-Condition Breaker,0.90000000000000002,0.90000000000000013,0.90000000000000002,0.89751427016655405,0.87961701536574299,FALSE,0,FALSE,FALSE,0.50000000000000000,-0.37961701536574299,FALSE,FALSE,,0.50000000000000000
E4_TRANSIENT,14.0,NORMAL,History-only Breaker,0.90000000000000002,0.90000000000000013,0.90000000000000002,0.89751427016655405,0.87961701536574299,FALSE,0,FALSE,FALSE,0.50000000000000000,-0.37961701536574299,FALSE,FALSE,,0.50000000000000000
E4_TRANSIENT,14.0,NORMAL,No Local Breaker,0.90000000000000002,0.90000000000000013,0.90000000000000002,0.89751427016655405,0.87961701536574299,FALSE,0,FALSE,FALSE,0.50000000000000000,-0.37961701536574299,FALSE,FALSE,,0.50000000000000000
E4_TRANSIENT,15.0,NORMAL,Proposed Dual-Condition Breaker,0.90000000000000002,0.90000000000000013,0.90000000000000002,0.89796170153657440,0.88328595259990927,FALSE,0,FALSE,FALSE,0.50000000000000000,-0.38328595259990927,FALSE,FALSE,,0.50000000000000000
E4_TRANSIENT,15.0,NORMAL,History-only Breaker,0.90000000000000002,0.90000000000000013,0.90000000000000002,0.89796170153657440,0.88328595259990927,FALSE,0,FALSE,FALSE,0.50000000000000000,-0.38328595259990927,FALSE,FALSE,,0.50000000000000000
E4_TRANSIENT,15.0,NORMAL,No Local Breaker,0.90000000000000002,0.90000000000000013,0.90000000000000002,0.89796170153657440,0.88328595259990927,FALSE,0,FALSE,FALSE,0.50000000000000000,-0.38328595259990927,FALSE,FALSE,,0.50000000000000000
E4_TRANSIENT,16.0,NORMAL,Proposed Dual-Condition Breaker,0.90000000000000002,0.90000000000000013,0.90000000000000002,0.89832859525999098,0.88629448113192555,FALSE,0,FALSE,FALSE,0.50000000000000000,-0.38629448113192555,FALSE,FALSE,,0.50000000000000000
E4_TRANSIENT,16.0,NORMAL,History-only Breaker,0.90000000000000002,0.90000000000000013,0.90000000000000002,0.89832859525999098,0.88629448113192555,FALSE,0,FALSE,FALSE,0.50000000000000000,-0.38629448113192555,FALSE,FALSE,,0.50000000000000000
E4_TRANSIENT,16.0,NORMAL,No Local Breaker,0.90000000000000002,0.90000000000000013,0.90000000000000002,0.89832859525999098,0.88629448113192555,FALSE,0,FALSE,FALSE,0.50000000000000000,-0.38629448113192555,FALSE,FALSE,,0.50000000000000000
E4_TRANSIENT,17.0,NORMAL,Proposed Dual-Condition Breaker,0.90000000000000002,0.90000000000000013,0.90000000000000002,0.89862944811319256,0.88876147452817900,FALSE,0,FALSE,FALSE,0.50000000000000000,-0.38876147452817900,FALSE,FALSE,,0.50000000000000000
E4_TRANSIENT,17.0,NORMAL,History-only Breaker,0.90000000000000002,0.90000000000000013,0.90000000000000002,0.89862944811319256,0.88876147452817900,FALSE,0,FALSE,FALSE,0.50000000000000000,-0.38876147452817900,FALSE,FALSE,,0.50000000000000000
E4_TRANSIENT,17.0,NORMAL,No Local Breaker,0.90000000000000002,0.90000000000000013,0.90000000000000002,0.89862944811319256,0.88876147452817900,FALSE,0,FALSE,FALSE,0.50000000000000000,-0.38876147452817900,FALSE,FALSE,,0.50000000000000000
E4_TRANSIENT,18.0,NORMAL,Proposed Dual-Condition Breaker,0.90000000000000002,0.90000000000000013,0.90000000000000002,0.89887614745281796,0.89078440911310686,FALSE,0,FALSE,FALSE,0.50000000000000000,-0.39078440911310686,FALSE,FALSE,,0.50000000000000000
E4_TRANSIENT,18.0,NORMAL,History-only Breaker,0.90000000000000002,0.90000000000000013,0.90000000000000002,0.89887614745281796,0.89078440911310686,FALSE,0,FALSE,FALSE,0.50000000000000000,-0.39078440911310686,FALSE,FALSE,,0.50000000000000000
E4_TRANSIENT,18.0,NORMAL,No Local Breaker,0.90000000000000002,0.90000000000000013,0.90000000000000002,0.89887614745281796,0.89078440911310686,FALSE,0,FALSE,FALSE,0.50000000000000000,-0.39078440911310686,FALSE,FALSE,,0.50000000000000000
E4_TRANSIENT,19.0,NORMAL,Proposed Dual-Condition Breaker,0.90000000000000002,0.90000000000000013,0.90000000000000002,0.89907844091131073,0.89244321547274763,FALSE,0,FALSE,FALSE,0.50000000000000000,-0.39244321547274763,FALSE,FALSE,,0.50000000000000000
E4_TRANSIENT,19.0,NORMAL,History-only Breaker,0.90000000000000002,0.90000000000000013,0.90000000000000002,0.89907844091131073,0.89244321547274763,FALSE,0,FALSE,FALSE,0.50000000000000000,-0.39244321547274763,FALSE,FALSE,,0.50000000000000000
E4_TRANSIENT,19.0,NORMAL,No Local Breaker,0.90000000000000002,0.90000000000000013,0.90000000000000002,0.89907844091131073,0.89244321547274763,FALSE,0,FALSE,FALSE,0.50000000000000000,-0.39244321547274763,FALSE,FALSE,,0.50000000000000000
E4_TRANSIENT,20.0,ANOMALOUS,Proposed Dual-Condition Breaker,0.10000000000000001,0.90000000000000013,0.34000000000000002,0.39524432154727468,0.49468410033236931,TRUE,1,FALSE,FALSE,0.50000000000000000,0.00531589966763069,FALSE,FALSE,,0.50000000000000000
E4_TRANSIENT,20.0,ANOMALOUS,History-only Breaker,0.10000000000000001,0.90000000000000013,0.34000000000000002,0.39524432154727468,0.49468410033236931,TRUE,1,FALSE,FALSE,0.50000000000000000,0.00531589966763069,FALSE,FALSE,,0.50000000000000000
E4_TRANSIENT,20.0,ANOMALOUS,No Local Breaker,0.10000000000000001,0.90000000000000013,0.34000000000000002,0.39524432154727468,0.49468410033236931,TRUE,1,FALSE,FALSE,0.50000000000000000,0.00531589966763069,FALSE,FALSE,,0.50000000000000000
E4_TRANSIENT,21.0,ANOMALOUS,Proposed Dual-Condition Breaker,0.10000000000000001,0.90000000000000013,0.34000000000000002,0.35546841003323693,0.38331154809306339,TRUE,2,FALSE,FALSE,0.50000000000000000,0.11668845190693661,TRUE,TRUE,TRUE,0.38331154809306339
E4_TRANSIENT,21.0,ANOMALOUS,History-only Breaker,0.10000000000000001,0.90000000000000013,0.34000000000000002,0.35546841003323693,0.38331154809306339,TRUE,2,FALSE,TRUE,0.50000000000000000,0.11668845190693661,TRUE,TRUE,TRUE,0.38331154809306339
E4_TRANSIENT,21.0,ANOMALOUS,No Local Breaker,0.10000000000000001,0.90000000000000013,0.34000000000000002,0.35546841003323693,0.38331154809306339,TRUE,2,FALSE,FALSE,0.50000000000000000,0.11668845190693661,TRUE,TRUE,TRUE,0.38331154809306339
E4_TRANSIENT,22.0,NORMAL,Proposed Dual-Condition Breaker,0.90000000000000002,0.90000000000000013,0.90000000000000002,0.84833115480930643,0.47631546943631198,FALSE,1,FALSE,FALSE,0.38331154809306339,-0.09300392134324859,FALSE,FALSE,,0.38331154809306339
E4_TRANSIENT,22.0,NORMAL,History-only Breaker,0.90000000000000002,0.90000000000000013,0.90000000000000002,0.84833115480930643,0.47631546943631198,FALSE,1,FALSE,FALSE,0.38331154809306339,-0.09300392134324859,FALSE,FALSE,,0.38331154809306339
E4_TRANSIENT,22.0,NORMAL,No Local Breaker,0.90000000000000002,0.90000000000000013,0.90000000000000002,0.84833115480930643,0.47631546943631198,FALSE,1,FALSE,FALSE,0.38331154809306339,-0.09300392134324859,FALSE,FALSE,,0.38331154809306339
E4_TRANSIENT,23.0,NORMAL,Proposed Dual-Condition Breaker,0.90000000000000002,0.90000000000000013,0.90000000000000002,0.85763154694363131,0.55257868493777584,FALSE,0,FALSE,FALSE,0.38331154809306339,-0.16926713684471245,FALSE,FALSE,,0.38331154809306339
E4_TRANSIENT,23.0,NORMAL,History-only Breaker,0.90000000000000002,0.90000000000000013,0.90000000000000002,0.85763154694363131,0.55257868493777584,FALSE,0,FALSE,FALSE,0.38331154809306339,-0.16926713684471245,FALSE,FALSE,,0.38331154809306339
E4_TRANSIENT,23.0,NORMAL,No Local Breaker,0.90000000000000002,0.90000000000000013,0.90000000000000002,0.85763154694363131,0.55257868493777584,FALSE,0,FALSE,FALSE,0.38331154809306339,-0.16926713684471245,FALSE,FALSE,,0.38331154809306339
E4_TRANSIENT,24.0,NORMAL,Proposed Dual-Condition Breaker,0.90000000000000002,0.90000000000000013,0.90000000000000002,0.86525786849377773,0.61511452164897618,FALSE,0,FALSE,FALSE,0.38331154809306339,-0.23180297355591278,FALSE,FALSE,,0.38331154809306339
E4_TRANSIENT,24.0,NORMAL,History-only Breaker,0.90000000000000002,0.90000000000000013,0.90000000000000002,0.86525786849377773,0.61511452164897618,FALSE,0,FALSE,FALSE,0.38331154809306339,-0.23180297355591278,FALSE,FALSE,,0.38331154809306339
E4_TRANSIENT,24.0,NORMAL,No Local Breaker,0.90000000000000002,0.90000000000000013,0.90000000000000002,0.86525786849377773,0.61511452164897618,FALSE,0,FALSE,FALSE,0.38331154809306339,-0.23180297355591278,FALSE,FALSE,,0.38331154809306339
E4_TRANSIENT,25.0,NORMAL,Proposed Dual-Condition Breaker,0.90000000000000002,0.90000000000000013,0.90000000000000002,0.87151145216489767,0.66639390775216045,FALSE,0,FALSE,FALSE,0.38331154809306339,-0.28308235965909706,FALSE,FALSE,,0.38331154809306339
E4_TRANSIENT,25.0,NORMAL,History-only Breaker,0.90000000000000002,0.90000000000000013,0.90000000000000002,0.87151145216489767,0.66639390775216045,FALSE,0,FALSE,FALSE,0.38331154809306339,-0.28308235965909706,FALSE,FALSE,,0.38331154809306339
E4_TRANSIENT,25.0,NORMAL,No Local Breaker,0.90000000000000002,0.90000000000000013,0.90000000000000002,0.87151145216489767,0.66639390775216045,FALSE,0,FALSE,FALSE,0.38331154809306339,-0.28308235965909706,FALSE,FALSE,,0.38331154809306339
E4_TRANSIENT,26.0,NORMAL,Proposed Dual-Condition Breaker,0.90000000000000002,0.90000000000000013,0.90000000000000002,0.87663939077521613,0.70844300435677154,FALSE,0,FALSE,FALSE,0.38331154809306339,-0.32513145626370815,FALSE,FALSE,,0.38331154809306339
E4_TRANSIENT,26.0,NORMAL,History-only Breaker,0.90000000000000002,0.90000000000000013,0.90000000000000002,0.87663939077521613,0.70844300435677154,FALSE,0,FALSE,FALSE,0.38331154809306339,-0.32513145626370815,FALSE,FALSE,,0.38331154809306339
E4_TRANSIENT,26.0,NORMAL,No Local Breaker,0.90000000000000002,0.90000000000000013,0.90000000000000002,0.87663939077521613,0.70844300435677154,FALSE,0,FALSE,FALSE,0.38331154809306339,-0.32513145626370815,FALSE,FALSE,,0.38331154809306339
E4_TRANSIENT,27.0,NORMAL,Proposed Dual-Condition Breaker,0.90000000000000002,0.90000000000000013,0.90000000000000002,0.88084430043567719,0.74292326357255267,FALSE,0,FALSE,FALSE,0.38331154809306339,-0.35961171547948928,FALSE,FALSE,,0.38331154809306339
E4_TRANSIENT,27.0,NORMAL,History-only Breaker,0.90000000000000002,0.90000000000000013,0.90000000000000002,0.88084430043567719,0.74292326357255267,FALSE,0,FALSE,FALSE,0.38331154809306339,-0.35961171547948928,FALSE,FALSE,,0.38331154809306339
E4_TRANSIENT,27.0,NORMAL,No Local Breaker,0.90000000000000002,0.90000000000000013,0.90000000000000002,0.88084430043567719,0.74292326357255267,FALSE,0,FALSE,FALSE,0.38331154809306339,-0.35961171547948928,FALSE,FALSE,,0.38331154809306339
E4_TRANSIENT,28.0,NORMAL,Proposed Dual-Condition Breaker,0.90000000000000002,0.90000000000000013,0.90000000000000002,0.88429232635725530,0.77119707612949318,FALSE,0,FALSE,FALSE,0.38331154809306339,-0.38788552803642978,FALSE,FALSE,,0.38331154809306339
E4_TRANSIENT,28.0,NORMAL,History-only Breaker,0.90000000000000002,0.90000000000000013,0.90000000000000002,0.88429232635725530,0.77119707612949318,FALSE,0,FALSE,FALSE,0.38331154809306339,-0.38788552803642978,FALSE,FALSE,,0.38331154809306339
E4_TRANSIENT,28.0,NORMAL,No Local Breaker,0.90000000000000002,0.90000000000000013,0.90000000000000002,0.88429232635725530,0.77119707612949318,FALSE,0,FALSE,FALSE,0.38331154809306339,-0.38788552803642978,FALSE,FALSE,,0.38331154809306339
E4_TRANSIENT,29.0,NORMAL,Proposed Dual-Condition Breaker,0.90000000000000002,0.90000000000000013,0.90000000000000002,0.88711970761294934,0.79438160242618450,FALSE,0,FALSE,FALSE,0.38331154809306339,-0.41107005433312110,FALSE,FALSE,,0.38331154809306339
E4_TRANSIENT,29.0,NORMAL,History-only Breaker,0.90000000000000002,0.90000000000000013,0.90000000000000002,0.88711970761294934,0.79438160242618450,FALSE,0,FALSE,FALSE,0.38331154809306339,-0.41107005433312110,FALSE,FALSE,,0.38331154809306339
E4_TRANSIENT,29.0,NORMAL,No Local Breaker,0.90000000000000002,0.90000000000000013,0.90000000000000002,0.88711970761294934,0.79438160242618450,FALSE,0,FALSE,FALSE,0.38331154809306339,-0.41107005433312110,FALSE,FALSE,,0.38331154809306339
E4_TRANSIENT,30.0,NORMAL,Proposed Dual-Condition Breaker,0.90000000000000002,0.90000000000000013,0.90000000000000002,0.88943816024261846,0.81339291398947133,FALSE,0,FALSE,FALSE,0.38331154809306339,-0.43008136589640794,FALSE,FALSE,,0.38331154809306339
E4_TRANSIENT,30.0,NORMAL,History-only Breaker,0.90000000000000002,0.90000000000000013,0.90000000000000002,0.88943816024261846,0.81339291398947133,FALSE,0,FALSE,FALSE,0.38331154809306339,-0.43008136589640794,FALSE,FALSE,,0.38331154809306339
E4_TRANSIENT,30.0,NORMAL,No Local Breaker,0.90000000000000002,0.90000000000000013,0.90000000000000002,0.88943816024261846,0.81339291398947133,FALSE,0,FALSE,FALSE,0.38331154809306339,-0.43008136589640794,FALSE,FALSE,,0.38331154809306339
E4_TRANSIENT,31.0,NORMAL,Proposed Dual-Condition Breaker,0.90000000000000002,0.90000000000000013,0.90000000000000002,0.89133929139894719,0.82898218947136648,FALSE,0,FALSE,FALSE,0.38331154809306339,-0.44567064137830309,FALSE,FALSE,,0.38331154809306339
E4_TRANSIENT,31.0,NORMAL,History-only Breaker,0.90000000000000002,0.90000000000000013,0.90000000000000002,0.89133929139894719,0.82898218947136648,FALSE,0,FALSE,FALSE,0.38331154809306339,-0.44567064137830309,FALSE,FALSE,,0.38331154809306339
E4_TRANSIENT,31.0,NORMAL,No Local Breaker,0.90000000000000002,0.90000000000000013,0.90000000000000002,0.89133929139894719,0.82898218947136648,FALSE,0,FALSE,FALSE,0.38331154809306339,-0.44567064137830309,FALSE,FALSE,,0.38331154809306339
E4_TRANSIENT,32.0,NORMAL,Proposed Dual-Condition Breaker,0.90000000000000002,0.90000000000000013,0.90000000000000002,0.89289821894713672,0.84176539536652051,FALSE,0,FALSE,FALSE,0.38331154809306339,-0.45845384727345712,FALSE,FALSE,,0.38331154809306339
E4_TRANSIENT,32.0,NORMAL,History-only Breaker,0.90000000000000002,0.90000000000000013,0.90000000000000002,0.89289821894713672,0.84176539536652051,FALSE,0,FALSE,FALSE,0.38331154809306339,-0.45845384727345712,FALSE,FALSE,,0.38331154809306339
E4_TRANSIENT,32.0,NORMAL,No Local Breaker,0.90000000000000002,0.90000000000000013,0.90000000000000002,0.89289821894713672,0.84176539536652051,FALSE,0,FALSE,FALSE,0.38331154809306339,-0.45845384727345712,FALSE,FALSE,,0.38331154809306339
E4_TRANSIENT,33.0,NORMAL,Proposed Dual-Condition Breaker,0.90000000000000002,0.90000000000000013,0.90000000000000002,0.89417653953665210,0.85224762420054678,FALSE,0,FALSE,FALSE,0.38331154809306339,-0.46893607610748339,FALSE,FALSE,,0.38331154809306339
E4_TRANSIENT,33.0,NORMAL,History-only Breaker,0.90000000000000002,0.90000000000000013,0.90000000000000002,0.89417653953665210,0.85224762420054678,FALSE,0,FALSE,FALSE,0.38331154809306339,-0.46893607610748339,FALSE,FALSE,,0.38331154809306339
E4_TRANSIENT,33.0,NORMAL,No Local Breaker,0.90000000000000002,0.90000000000000013,0.90000000000000002,0.89417653953665210,0.85224762420054678,FALSE,0,FALSE,FALSE,0.38331154809306339,-0.46893607610748339,FALSE,FALSE,,0.38331154809306339
E4_TRANSIENT,34.0,NORMAL,Proposed Dual-Condition Breaker,0.90000000000000002,0.90000000000000013,0.90000000000000002,0.89522476242005478,0.86084305184444831,FALSE,0,FALSE,FALSE,0.38331154809306339,-0.47753150375138492,FALSE,FALSE,,0.38331154809306339
E4_TRANSIENT,34.0,NORMAL,History-only Breaker,0.90000000000000002,0.90000000000000013,0.90000000000000002,0.89522476242005478,0.86084305184444831,FALSE,0,FALSE,FALSE,0.38331154809306339,-0.47753150375138492,FALSE,FALSE,,0.38331154809306339
E4_TRANSIENT,34.0,NORMAL,No Local Breaker,0.90000000000000002,0.90000000000000013,0.90000000000000002,0.89522476242005478,0.86084305184444831,FALSE,0,FALSE,FALSE,0.38331154809306339,-0.47753150375138492,FALSE,FALSE,,0.38331154809306339
E4_TRANSIENT,35.0,NORMAL,Proposed Dual-Condition Breaker,0.90000000000000002,0.90000000000000013,0.90000000000000002,0.89608430518444493,0.86789130251244762,FALSE,0,FALSE,FALSE,0.38331154809306339,-0.48457975441938422,FALSE,FALSE,,0.38331154809306339
E4_TRANSIENT,35.0,NORMAL,History-only Breaker,0.90000000000000002,0.90000000000000013,0.90000000000000002,0.89608430518444493,0.86789130251244762,FALSE,0,FALSE,FALSE,0.38331154809306339,-0.48457975441938422,FALSE,FALSE,,0.38331154809306339
E4_TRANSIENT,35.0,NORMAL,No Local Breaker,0.90000000000000002,0.90000000000000013,0.90000000000000002,0.89608430518444493,0.86789130251244762,FALSE,0,FALSE,FALSE,0.38331154809306339,-0.48457975441938422,FALSE,FALSE,,0.38331154809306339
E4_TRANSIENT,36.0,NORMAL,Proposed Dual-Condition Breaker,0.90000000000000002,0.90000000000000013,0.90000000000000002,0.89678913025124485,0.87367086806020711,FALSE,0,FALSE,FALSE,0.38331154809306339,-0.49035931996714371,FALSE,FALSE,,0.38331154809306339
E4_TRANSIENT,36.0,NORMAL,History-only Breaker,0.90000000000000002,0.90000000000000013,0.90000000000000002,0.89678913025124485,0.87367086806020711,FALSE,0,FALSE,FALSE,0.38331154809306339,-0.49035931996714371,FALSE,FALSE,,0.38331154809306339
E4_TRANSIENT,36.0,NORMAL,No Local Breaker,0.90000000000000002,0.90000000000000013,0.90000000000000002,0.89678913025124485,0.87367086806020711,FALSE,0,FALSE,FALSE,0.38331154809306339,-0.49035931996714371,FALSE,FALSE,,0.38331154809306339
E4_TRANSIENT,37.0,NORMAL,Proposed Dual-Condition Breaker,0.90000000000000002,0.90000000000000013,0.90000000000000002,0.89736708680602073,0.87841011180936990,FALSE,0,FALSE,FALSE,0.38331154809306339,-0.49509856371630651,FALSE,FALSE,,0.38331154809306339
E4_TRANSIENT,37.0,NORMAL,History-only Breaker,0.90000000000000002,0.90000000000000013,0.90000000000000002,0.89736708680602073,0.87841011180936990,FALSE,0,FALSE,FALSE,0.38331154809306339,-0.49509856371630651,FALSE,FALSE,,0.38331154809306339
E4_TRANSIENT,37.0,NORMAL,No Local Breaker,0.90000000000000002,0.90000000000000013,0.90000000000000002,0.89736708680602073,0.87841011180936990,FALSE,0,FALSE,FALSE,0.38331154809306339,-0.49509856371630651,FALSE,FALSE,,0.38331154809306339
E4_TRANSIENT,38.0,NORMAL,Proposed Dual-Condition Breaker,0.90000000000000002,0.90000000000000013,0.90000000000000002,0.89784101118093707,0.88229629168368340,FALSE,0,FALSE,FALSE,0.38331154809306339,-0.49898474359062001,FALSE,FALSE,,0.38331154809306339
E4_TRANSIENT,38.0,NORMAL,History-only Breaker,0.90000000000000002,0.90000000000000013,0.90000000000000002,0.89784101118093707,0.88229629168368340,FALSE,0,FALSE,FALSE,0.38331154809306339,-0.49898474359062001,FALSE,FALSE,,0.38331154809306339
E4_TRANSIENT,38.0,NORMAL,No Local Breaker,0.90000000000000002,0.90000000000000013,0.90000000000000002,0.89784101118093707,0.88229629168368340,FALSE,0,FALSE,FALSE,0.38331154809306339,-0.49898474359062001,FALSE,FALSE,,0.38331154809306339
E4_TRANSIENT,39.0,NORMAL,Proposed Dual-Condition Breaker,0.90000000000000002,0.90000000000000013,0.90000000000000002,0.89822962916836835,0.88548295918062048,FALSE,0,FALSE,FALSE,0.38331154809306339,-0.50217141108755703,FALSE,FALSE,,0.38331154809306339
E4_TRANSIENT,39.0,NORMAL,History-only Breaker,0.90000000000000002,0.90000000000000013,0.90000000000000002,0.89822962916836835,0.88548295918062048,FALSE,0,FALSE,FALSE,0.38331154809306339,-0.50217141108755703,FALSE,FALSE,,0.38331154809306339
E4_TRANSIENT,39.0,NORMAL,No Local Breaker,0.90000000000000002,0.90000000000000013,0.90000000000000002,0.89822962916836835,0.88548295918062048,FALSE,0,FALSE,FALSE,0.38331154809306339,-0.50217141108755703,FALSE,FALSE,,0.38331154809306339
E4_TRANSIENT,40.0,NORMAL,Proposed Dual-Condition Breaker,0.90000000000000002,0.90000000000000013,0.90000000000000002,0.89854829591806207,0.88809602652810882,FALSE,0,FALSE,FALSE,0.38331154809306339,-0.50478447843504548,FALSE,FALSE,,0.38331154809306339
E4_TRANSIENT,40.0,NORMAL,History-only Breaker,0.90000000000000002,0.90000000000000013,0.90000000000000002,0.89854829591806207,0.88809602652810882,FALSE,0,FALSE,FALSE,0.38331154809306339,-0.50478447843504548,FALSE,FALSE,,0.38331154809306339
E4_TRANSIENT,40.0,NORMAL,No Local Breaker,0.90000000000000002,0.90000000000000013,0.90000000000000002,0.89854829591806207,0.88809602652810882,FALSE,0,FALSE,FALSE,0.38331154809306339,-0.50478447843504548,FALSE,FALSE,,0.38331154809306339
E4_TRANSIENT,41.0,NORMAL,Proposed Dual-Condition Breaker,0.90000000000000002,0.90000000000000013,0.90000000000000002,0.89880960265281096,0.89023874175304929,FALSE,0,FALSE,FALSE,0.38331154809306339,-0.50692719365998595,FALSE,FALSE,,0.38331154809306339
E4_TRANSIENT,41.0,NORMAL,History-only Breaker,0.90000000000000002,0.90000000000000013,0.90000000000000002,0.89880960265281096,0.89023874175304929,FALSE,0,FALSE,FALSE,0.38331154809306339,-0.50692719365998595,FALSE,FALSE,,0.38331154809306339
E4_TRANSIENT,41.0,NORMAL,No Local Breaker,0.90000000000000002,0.90000000000000013,0.90000000000000002,0.89880960265281096,0.89023874175304929,FALSE,0,FALSE,FALSE,0.38331154809306339,-0.50692719365998595,FALSE,FALSE,,0.38331154809306339
E4_TRANSIENT,42.0,NORMAL,Proposed Dual-Condition Breaker,0.90000000000000002,0.90000000000000013,0.90000000000000002,0.89902387417530494,0.89199576823750049,FALSE,0,FALSE,FALSE,0.38331154809306339,-0.50868422014443704,FALSE,FALSE,,0.38331154809306339
E4_TRANSIENT,42.0,NORMAL,History-only Breaker,0.90000000000000002,0.90000000000000013,0.90000000000000002,0.89902387417530494,0.89199576823750049,FALSE,0,FALSE,FALSE,0.38331154809306339,-0.50868422014443704,FALSE,FALSE,,0.38331154809306339
E4_TRANSIENT,42.0,NORMAL,No Local Breaker,0.90000000000000002,0.90000000000000013,0.90000000000000002,0.89902387417530494,0.89199576823750049,FALSE,0,FALSE,FALSE,0.38331154809306339,-0.50868422014443704,FALSE,FALSE,,0.38331154809306339
E4_TRANSIENT,43.0,NORMAL,Proposed Dual-Condition Breaker,0.90000000000000002,0.90000000000000013,0.90000000000000002,0.89919957682375007,0.89343652995475042,FALSE,0,FALSE,FALSE,0.38331154809306339,-0.51012498186168709,FALSE,FALSE,,0.38331154809306339
E4_TRANSIENT,43.0,NORMAL,History-only Breaker,0.90000000000000002,0.90000000000000013,0.90000000000000002,0.89919957682375007,0.89343652995475042,FALSE,0,FALSE,FALSE,0.38331154809306339,-0.51012498186168709,FALSE,FALSE,,0.38331154809306339
E4_TRANSIENT,43.0,NORMAL,No Local Breaker,0.90000000000000002,0.90000000000000013,0.90000000000000002,0.89919957682375007,0.89343652995475042,FALSE,0,FALSE,FALSE,0.38331154809306339,-0.51012498186168709,FALSE,FALSE,,0.38331154809306339
E4_TRANSIENT,44.0,NORMAL,Proposed Dual-Condition Breaker,0.90000000000000002,0.90000000000000013,0.90000000000000002,0.89934365299547503,0.89461795456289539,FALSE,0,FALSE,FALSE,0.38331154809306339,-0.51130640646983205,FALSE,FALSE,,0.38331154809306339
E4_TRANSIENT,44.0,NORMAL,History-only Breaker,0.90000000000000002,0.90000000000000013,0.90000000000000002,0.89934365299547503,0.89461795456289539,FALSE,0,FALSE,FALSE,0.38331154809306339,-0.51130640646983205,FALSE,FALSE,,0.38331154809306339
E4_TRANSIENT,44.0,NORMAL,No Local Breaker,0.90000000000000002,0.90000000000000013,0.90000000000000002,0.89934365299547503,0.89461795456289539,FALSE,0,FALSE,FALSE,0.38331154809306339,-0.51130640646983205,FALSE,FALSE,,0.38331154809306339
E4_TRANSIENT,45.0,NORMAL,Proposed Dual-Condition Breaker,0.90000000000000002,0.90000000000000013,0.90000000000000002,0.89946179545628957,0.89558672274157425,FALSE,0,FALSE,FALSE,0.38331154809306339,-0.51227517464851080,FALSE,FALSE,,0.38331154809306339
E4_TRANSIENT,45.0,NORMAL,History-only Breaker,0.90000000000000002,0.90000000000000013,0.90000000000000002,0.89946179545628957,0.89558672274157425,FALSE,0,FALSE,FALSE,0.38331154809306339,-0.51227517464851080,FALSE,FALSE,,0.38331154809306339
E4_TRANSIENT,45.0,NORMAL,No Local Breaker,0.90000000000000002,0.90000000000000013,0.90000000000000002,0.89946179545628957,0.89558672274157425,FALSE,0,FALSE,FALSE,0.38331154809306339,-0.51227517464851080,FALSE,FALSE,,0.38331154809306339
E4_TRANSIENT,46.0,NORMAL,Proposed Dual-Condition Breaker,0.90000000000000002,0.90000000000000013,0.90000000000000002,0.89955867227415742,0.89638111264809084,FALSE,0,FALSE,FALSE,0.38331154809306339,-0.51306956455502739,FALSE,FALSE,,0.38331154809306339
E4_TRANSIENT,46.0,NORMAL,History-only Breaker,0.90000000000000002,0.90000000000000013,0.90000000000000002,0.89955867227415742,0.89638111264809084,FALSE,0,FALSE,FALSE,0.38331154809306339,-0.51306956455502739,FALSE,FALSE,,0.38331154809306339
E4_TRANSIENT,46.0,NORMAL,No Local Breaker,0.90000000000000002,0.90000000000000013,0.90000000000000002,0.89955867227415742,0.89638111264809084,FALSE,0,FALSE,FALSE,0.38331154809306339,-0.51306956455502739,FALSE,FALSE,,0.38331154809306339
E4_TRANSIENT,47.0,NORMAL,Proposed Dual-Condition Breaker,0.90000000000000002,0.90000000000000013,0.90000000000000002,0.89963811126480908,0.89703251237143444,FALSE,0,FALSE,FALSE,0.38331154809306339,-0.51372096427837111,FALSE,FALSE,,0.38331154809306339
E4_TRANSIENT,47.0,NORMAL,History-only Breaker,0.90000000000000002,0.90000000000000013,0.90000000000000002,0.89963811126480908,0.89703251237143444,FALSE,0,FALSE,FALSE,0.38331154809306339,-0.51372096427837111,FALSE,FALSE,,0.38331154809306339
E4_TRANSIENT,47.0,NORMAL,No Local Breaker,0.90000000000000002,0.90000000000000013,0.90000000000000002,0.89963811126480908,0.89703251237143444,FALSE,0,FALSE,FALSE,0.38331154809306339,-0.51372096427837111,FALSE,FALSE,,0.38331154809306339
E4_TRANSIENT,48.0,NORMAL,Proposed Dual-Condition Breaker,0.90000000000000002,0.90000000000000013,0.90000000000000002,0.89970325123714345,0.89756666014457631,FALSE,0,FALSE,FALSE,0.38331154809306339,-0.51425511205151286,FALSE,FALSE,,0.38331154809306339
E4_TRANSIENT,48.0,NORMAL,History-only Breaker,0.90000000000000002,0.90000000000000013,0.90000000000000002,0.89970325123714345,0.89756666014457631,FALSE,0,FALSE,FALSE,0.38331154809306339,-0.51425511205151286,FALSE,FALSE,,0.38331154809306339
E4_TRANSIENT,48.0,NORMAL,No Local Breaker,0.90000000000000002,0.90000000000000013,0.90000000000000002,0.89970325123714345,0.89756666014457631,FALSE,0,FALSE,FALSE,0.38331154809306339,-0.51425511205151286,FALSE,FALSE,,0.38331154809306339
E4_TRANSIENT,49.0,NORMAL,Proposed Dual-Condition Breaker,0.90000000000000002,0.90000000000000013,0.90000000000000002,0.89975666601445770,0.89800466131855261,FALSE,0,FALSE,FALSE,0.38331154809306339,-0.51469311322548927,FALSE,FALSE,,0.38331154809306339
E4_TRANSIENT,49.0,NORMAL,History-only Breaker,0.90000000000000002,0.90000000000000013,0.90000000000000002,0.89975666601445770,0.89800466131855261,FALSE,0,FALSE,FALSE,0.38331154809306339,-0.51469311322548927,FALSE,FALSE,,0.38331154809306339
E4_TRANSIENT,49.0,NORMAL,No Local Breaker,0.90000000000000002,0.90000000000000013,0.90000000000000002,0.89975666601445770,0.89800466131855261,FALSE,0,FALSE,FALSE,0.38331154809306339,-0.51469311322548927,FALSE,FALSE,,0.38331154809306339
E4_TRANSIENT,50.0,NORMAL,Proposed Dual-Condition Breaker,0.90000000000000002,0.90000000000000013,0.90000000000000002,0.89980046613185527,0.89836382228121314,FALSE,0,FALSE,FALSE,0.38331154809306339,-0.51505227418814981,FALSE,FALSE,,0.38331154809306339
E4_TRANSIENT,50.0,NORMAL,History-only Breaker,0.90000000000000002,0.90000000000000013,0.90000000000000002,0.89980046613185527,0.89836382228121314,FALSE,0,FALSE,FALSE,0.38331154809306339,-0.51505227418814981,FALSE,FALSE,,0.38331154809306339
E4_TRANSIENT,50.0,NORMAL,No Local Breaker,0.90000000000000002,0.90000000000000013,0.90000000000000002,0.89980046613185527,0.89836382228121314,FALSE,0,FALSE,FALSE,0.38331154809306339,-0.51505227418814981,FALSE,FALSE,,0.38331154809306339
E4_TRANSIENT,51.0,NORMAL,Proposed Dual-Condition Breaker,0.90000000000000002,0.90000000000000013,0.90000000000000002,0.89983638222812135,0.89865833427059483,FALSE,0,FALSE,FALSE,0.38331154809306339,-0.51534678617753138,FALSE,FALSE,,0.38331154809306339
E4_TRANSIENT,51.0,NORMAL,History-only Breaker,0.90000000000000002,0.90000000000000013,0.90000000000000002,0.89983638222812135,0.89865833427059483,FALSE,0,FALSE,FALSE,0.38331154809306339,-0.51534678617753138,FALSE,FALSE,,0.38331154809306339
E4_TRANSIENT,51.0,NORMAL,No Local Breaker,0.90000000000000002,0.90000000000000013,0.90000000000000002,0.89983638222812135,0.89865833427059483,FALSE,0,FALSE,FALSE,0.38331154809306339,-0.51534678617753138,FALSE,FALSE,,0.38331154809306339
E4_TRANSIENT,52.0,NORMAL,Proposed Dual-Condition Breaker,0.90000000000000002,0.90000000000000013,0.90000000000000002,0.89986583342705950,0.89889983410188778,FALSE,0,FALSE,FALSE,0.38331154809306339,-0.51558828600882434,FALSE,FALSE,,0.38331154809306339
E4_TRANSIENT,52.0,NORMAL,History-only Breaker,0.90000000000000002,0.90000000000000013,0.90000000000000002,0.89986583342705950,0.89889983410188778,FALSE,0,FALSE,FALSE,0.38331154809306339,-0.51558828600882434,FALSE,FALSE,,0.38331154809306339
E4_TRANSIENT,52.0,NORMAL,No Local Breaker,0.90000000000000002,0.90000000000000013,0.90000000000000002,0.89986583342705950,0.89889983410188778,FALSE,0,FALSE,FALSE,0.38331154809306339,-0.51558828600882434,FALSE,FALSE,,0.38331154809306339
E4_TRANSIENT,53.0,NORMAL,Proposed Dual-Condition Breaker,0.90000000000000002,0.90000000000000013,0.90000000000000002,0.89988998341018878,0.89909786396354796,FALSE,0,FALSE,FALSE,0.38331154809306339,-0.51578631587048451,FALSE,FALSE,,0.38331154809306339
E4_TRANSIENT,53.0,NORMAL,History-only Breaker,0.90000000000000002,0.90000000000000013,0.90000000000000002,0.89988998341018878,0.89909786396354796,FALSE,0,FALSE,FALSE,0.38331154809306339,-0.51578631587048451,FALSE,FALSE,,0.38331154809306339
E4_TRANSIENT,53.0,NORMAL,No Local Breaker,0.90000000000000002,0.90000000000000013,0.90000000000000002,0.89988998341018878,0.89909786396354796,FALSE,0,FALSE,FALSE,0.38331154809306339,-0.51578631587048451,FALSE,FALSE,,0.38331154809306339
E4_TRANSIENT,54.0,NORMAL,Proposed Dual-Condition Breaker,0.90000000000000002,0.90000000000000013,0.90000000000000002,0.89990978639635488,0.89926024845010932,FALSE,0,FALSE,FALSE,0.38331154809306339,-0.51594870035704599,FALSE,FALSE,,0.38331154809306339
E4_TRANSIENT,54.0,NORMAL,History-only Breaker,0.90000000000000002,0.90000000000000013,0.90000000000000002,0.89990978639635488,0.89926024845010932,FALSE,0,FALSE,FALSE,0.38331154809306339,-0.51594870035704599,FALSE,FALSE,,0.38331154809306339
E4_TRANSIENT,54.0,NORMAL,No Local Breaker,0.90000000000000002,0.90000000000000013,0.90000000000000002,0.89990978639635488,0.89926024845010932,FALSE,0,FALSE,FALSE,0.38331154809306339,-0.51594870035704599,FALSE,FALSE,,0.38331154809306339
E4_TRANSIENT,55.0,NORMAL,Proposed Dual-Condition Breaker,0.90000000000000002,0.90000000000000013,0.90000000000000002,0.89992602484501094,0.89939340372908971,FALSE,0,FALSE,FALSE,0.38331154809306339,-0.51608185563602627,FALSE,FALSE,,0.38331154809306339
E4_TRANSIENT,55.0,NORMAL,History-only Breaker,0.90000000000000002,0.90000000000000013,0.90000000000000002,0.89992602484501094,0.89939340372908971,FALSE,0,FALSE,FALSE,0.38331154809306339,-0.51608185563602627,FALSE,FALSE,,0.38331154809306339
E4_TRANSIENT,55.0,NORMAL,No Local Breaker,0.90000000000000002,0.90000000000000013,0.90000000000000002,0.89992602484501094,0.89939340372908971,FALSE,0,FALSE,FALSE,0.38331154809306339,-0.51608185563602627,FALSE,FALSE,,0.38331154809306339
E4_TRANSIENT,56.0,NORMAL,Proposed Dual-Condition Breaker,0.90000000000000002,0.90000000000000013,0.90000000000000002,0.89993934037290901,0.89950259105785357,FALSE,0,FALSE,FALSE,0.38331154809306339,-0.51619104296479024,FALSE,FALSE,,0.38331154809306339
E4_TRANSIENT,56.0,NORMAL,History-only Breaker,0.90000000000000002,0.90000000000000013,0.90000000000000002,0.89993934037290901,0.89950259105785357,FALSE,0,FALSE,FALSE,0.38331154809306339,-0.51619104296479024,FALSE,FALSE,,0.38331154809306339
E4_TRANSIENT,56.0,NORMAL,No Local Breaker,0.90000000000000002,0.90000000000000013,0.90000000000000002,0.89993934037290901,0.89950259105785357,FALSE,0,FALSE,FALSE,0.38331154809306339,-0.51619104296479024,FALSE,FALSE,,0.38331154809306339
E4_TRANSIENT,57.0,NORMAL,Proposed Dual-Condition Breaker,0.90000000000000002,0.90000000000000013,0.90000000000000002,0.89995025910578541,0.89959212466743987,FALSE,0,FALSE,FALSE,0.38331154809306339,-0.51628057657437654,FALSE,FALSE,,0.38331154809306339
E4_TRANSIENT,57.0,NORMAL,History-only Breaker,0.90000000000000002,0.90000000000000013,0.90000000000000002,0.89995025910578541,0.89959212466743987,FALSE,0,FALSE,FALSE,0.38331154809306339,-0.51628057657437654,FALSE,FALSE,,0.38331154809306339
E4_TRANSIENT,57.0,NORMAL,No Local Breaker,0.90000000000000002,0.90000000000000013,0.90000000000000002,0.89995025910578541,0.89959212466743987,FALSE,0,FALSE,FALSE,0.38331154809306339,-0.51628057657437654,FALSE,FALSE,,0.38331154809306339
E4_TRANSIENT,58.0,NORMAL,Proposed Dual-Condition Breaker,0.90000000000000002,0.90000000000000013,0.90000000000000002,0.89995921246674404,0.89966554222730066,FALSE,0,FALSE,FALSE,0.38331154809306339,-0.51635399413423722,FALSE,FALSE,,0.38331154809306339
E4_TRANSIENT,58.0,NORMAL,History-only Breaker,0.90000000000000002,0.90000000000000013,0.90000000000000002,0.89995921246674404,0.89966554222730066,FALSE,0,FALSE,FALSE,0.38331154809306339,-0.51635399413423722,FALSE,FALSE,,0.38331154809306339
E4_TRANSIENT,58.0,NORMAL,No Local Breaker,0.90000000000000002,0.90000000000000013,0.90000000000000002,0.89995921246674404,0.89966554222730066,FALSE,0,FALSE,FALSE,0.38331154809306339,-0.51635399413423722,FALSE,FALSE,,0.38331154809306339
E4_TRANSIENT,59.0,NORMAL,Proposed Dual-Condition Breaker,0.90000000000000002,0.90000000000000013,0.90000000000000002,0.89996655422273009,0.89972574462638655,FALSE,0,FALSE,FALSE,0.38331154809306339,-0.51641419653332310,FALSE,FALSE,,0.38331154809306339
E4_TRANSIENT,59.0,NORMAL,History-only Breaker,0.90000000000000002,0.90000000000000013,0.90000000000000002,0.89996655422273009,0.89972574462638655,FALSE,0,FALSE,FALSE,0.38331154809306339,-0.51641419653332310,FALSE,FALSE,,0.38331154809306339
E4_TRANSIENT,59.0,NORMAL,No Local Breaker,0.90000000000000002,0.90000000000000013,0.90000000000000002,0.89996655422273009,0.89972574462638655,FALSE,0,FALSE,FALSE,0.38331154809306339,-0.51641419653332310,FALSE,FALSE,,0.38331154809306339
E4_PERSISTENT,0.0,NORMAL,Proposed Dual-Condition Breaker,0.90000000000000002,0.90000000000000013,0.90000000000000002,0.86000000000000010,0.57200000000000006,FALSE,0,FALSE,FALSE,0.50000000000000000,-0.07200000000000006,FALSE,FALSE,,0.50000000000000000
E4_PERSISTENT,0.0,NORMAL,History-only Breaker,0.90000000000000002,0.90000000000000013,0.90000000000000002,0.86000000000000010,0.57200000000000006,FALSE,0,FALSE,FALSE,0.50000000000000000,-0.07200000000000006,FALSE,FALSE,,0.50000000000000000
E4_PERSISTENT,0.0,NORMAL,No Local Breaker,0.90000000000000002,0.90000000000000013,0.90000000000000002,0.86000000000000010,0.57200000000000006,FALSE,0,FALSE,FALSE,0.50000000000000000,-0.07200000000000006,FALSE,FALSE,,0.50000000000000000
E4_PERSISTENT,1.0,NORMAL,Proposed Dual-Condition Breaker,0.90000000000000002,0.90000000000000013,0.90000000000000002,0.86720000000000008,0.63104000000000005,FALSE,0,FALSE,FALSE,0.50000000000000000,-0.13104000000000005,FALSE,FALSE,,0.50000000000000000
E4_PERSISTENT,1.0,NORMAL,History-only Breaker,0.90000000000000002,0.90000000000000013,0.90000000000000002,0.86720000000000008,0.63104000000000005,FALSE,0,FALSE,FALSE,0.50000000000000000,-0.13104000000000005,FALSE,FALSE,,0.50000000000000000
E4_PERSISTENT,1.0,NORMAL,No Local Breaker,0.90000000000000002,0.90000000000000013,0.90000000000000002,0.86720000000000008,0.63104000000000005,FALSE,0,FALSE,FALSE,0.50000000000000000,-0.13104000000000005,FALSE,FALSE,,0.50000000000000000
E4_PERSISTENT,2.0,NORMAL,Proposed Dual-Condition Breaker,0.90000000000000002,0.90000000000000013,0.90000000000000002,0.87310400000000010,0.67945280000000008,FALSE,0,FALSE,FALSE,0.50000000000000000,-0.17945280000000008,FALSE,FALSE,,0.50000000000000000
E4_PERSISTENT,2.0,NORMAL,History-only Breaker,0.90000000000000002,0.90000000000000013,0.90000000000000002,0.87310400000000010,0.67945280000000008,FALSE,0,FALSE,FALSE,0.50000000000000000,-0.17945280000000008,FALSE,FALSE,,0.50000000000000000
E4_PERSISTENT,2.0,NORMAL,No Local Breaker,0.90000000000000002,0.90000000000000013,0.90000000000000002,0.87310400000000010,0.67945280000000008,FALSE,0,FALSE,FALSE,0.50000000000000000,-0.17945280000000008,FALSE,FALSE,,0.50000000000000000
E4_PERSISTENT,3.0,NORMAL,Proposed Dual-Condition Breaker,0.90000000000000002,0.90000000000000013,0.90000000000000002,0.87794528000000005,0.71915129600000005,FALSE,0,FALSE,FALSE,0.50000000000000000,-0.21915129600000005,FALSE,FALSE,,0.50000000000000000
E4_PERSISTENT,3.0,NORMAL,History-only Breaker,0.90000000000000002,0.90000000000000013,0.90000000000000002,0.87794528000000005,0.71915129600000005,FALSE,0,FALSE,FALSE,0.50000000000000000,-0.21915129600000005,FALSE,FALSE,,0.50000000000000000
E4_PERSISTENT,3.0,NORMAL,No Local Breaker,0.90000000000000002,0.90000000000000013,0.90000000000000002,0.87794528000000005,0.71915129600000005,FALSE,0,FALSE,FALSE,0.50000000000000000,-0.21915129600000005,FALSE,FALSE,,0.50000000000000000
E4_PERSISTENT,4.0,NORMAL,Proposed Dual-Condition Breaker,0.90000000000000002,0.90000000000000013,0.90000000000000002,0.88191512960000007,0.75170406272000001,FALSE,0,FALSE,FALSE,0.50000000000000000,-0.25170406272000001,FALSE,FALSE,,0.50000000000000000
E4_PERSISTENT,4.0,NORMAL,History-only Breaker,0.90000000000000002,0.90000000000000013,0.90000000000000002,0.88191512960000007,0.75170406272000001,FALSE,0,FALSE,FALSE,0.50000000000000000,-0.25170406272000001,FALSE,FALSE,,0.50000000000000000
E4_PERSISTENT,4.0,NORMAL,No Local Breaker,0.90000000000000002,0.90000000000000013,0.90000000000000002,0.88191512960000007,0.75170406272000001,FALSE,0,FALSE,FALSE,0.50000000000000000,-0.25170406272000001,FALSE,FALSE,,0.50000000000000000
E4_PERSISTENT,5.0,NORMAL,Proposed Dual-Condition Breaker,0.90000000000000002,0.90000000000000013,0.90000000000000002,0.88517040627200005,0.77839733143040002,FALSE,0,FALSE,FALSE,0.50000000000000000,-0.27839733143040002,FALSE,FALSE,,0.50000000000000000
E4_PERSISTENT,5.0,NORMAL,History-only Breaker,0.90000000000000002,0.90000000000000013,0.90000000000000002,0.88517040627200005,0.77839733143040002,FALSE,0,FALSE,FALSE,0.50000000000000000,-0.27839733143040002,FALSE,FALSE,,0.50000000000000000
E4_PERSISTENT,5.0,NORMAL,No Local Breaker,0.90000000000000002,0.90000000000000013,0.90000000000000002,0.88517040627200005,0.77839733143040002,FALSE,0,FALSE,FALSE,0.50000000000000000,-0.27839733143040002,FALSE,FALSE,,0.50000000000000000
E4_PERSISTENT,6.0,NORMAL,Proposed Dual-Condition Breaker,0.90000000000000002,0.90000000000000013,0.90000000000000002,0.88783973314304010,0.80028581177292801,FALSE,0,FALSE,FALSE,0.50000000000000000,-0.30028581177292801,FALSE,FALSE,,0.50000000000000000
E4_PERSISTENT,6.0,NORMAL,History-only Breaker,0.90000000000000002,0.90000000000000013,0.90000000000000002,0.88783973314304010,0.80028581177292801,FALSE,0,FALSE,FALSE,0.50000000000000000,-0.30028581177292801,FALSE,FALSE,,0.50000000000000000
E4_PERSISTENT,6.0,NORMAL,No Local Breaker,0.90000000000000002,0.90000000000000013,0.90000000000000002,0.88783973314304010,0.80028581177292801,FALSE,0,FALSE,FALSE,0.50000000000000000,-0.30028581177292801,FALSE,FALSE,,0.50000000000000000
E4_PERSISTENT,7.0,NORMAL,Proposed Dual-Condition Breaker,0.90000000000000002,0.90000000000000013,0.90000000000000002,0.89002858117729289,0.81823436565380103,FALSE,0,FALSE,FALSE,0.50000000000000000,-0.31823436565380103,FALSE,FALSE,,0.50000000000000000
E4_PERSISTENT,7.0,NORMAL,History-only Breaker,0.90000000000000002,0.90000000000000013,0.90000000000000002,0.89002858117729289,0.81823436565380103,FALSE,0,FALSE,FALSE,0.50000000000000000,-0.31823436565380103,FALSE,FALSE,,0.50000000000000000
E4_PERSISTENT,7.0,NORMAL,No Local Breaker,0.90000000000000002,0.90000000000000013,0.90000000000000002,0.89002858117729289,0.81823436565380103,FALSE,0,FALSE,FALSE,0.50000000000000000,-0.31823436565380103,FALSE,FALSE,,0.50000000000000000
E4_PERSISTENT,8.0,NORMAL,Proposed Dual-Condition Breaker,0.90000000000000002,0.90000000000000013,0.90000000000000002,0.89182343656538010,0.83295217983611680,FALSE,0,FALSE,FALSE,0.50000000000000000,-0.33295217983611680,FALSE,FALSE,,0.50000000000000000
E4_PERSISTENT,8.0,NORMAL,History-only Breaker,0.90000000000000002,0.90000000000000013,0.90000000000000002,0.89182343656538010,0.83295217983611680,FALSE,0,FALSE,FALSE,0.50000000000000000,-0.33295217983611680,FALSE,FALSE,,0.50000000000000000
E4_PERSISTENT,8.0,NORMAL,No Local Breaker,0.90000000000000002,0.90000000000000013,0.90000000000000002,0.89182343656538010,0.83295217983611680,FALSE,0,FALSE,FALSE,0.50000000000000000,-0.33295217983611680,FALSE,FALSE,,0.50000000000000000
E4_PERSISTENT,9.0,NORMAL,Proposed Dual-Condition Breaker,0.90000000000000002,0.90000000000000013,0.90000000000000002,0.89329521798361178,0.84502078746561582,FALSE,0,FALSE,FALSE,0.50000000000000000,-0.34502078746561582,FALSE,FALSE,,0.50000000000000000
E4_PERSISTENT,9.0,NORMAL,History-only Breaker,0.90000000000000002,0.90000000000000013,0.90000000000000002,0.89329521798361178,0.84502078746561582,FALSE,0,FALSE,FALSE,0.50000000000000000,-0.34502078746561582,FALSE,FALSE,,0.50000000000000000
E4_PERSISTENT,9.0,NORMAL,No Local Breaker,0.90000000000000002,0.90000000000000013,0.90000000000000002,0.89329521798361178,0.84502078746561582,FALSE,0,FALSE,FALSE,0.50000000000000000,-0.34502078746561582,FALSE,FALSE,,0.50000000000000000
E4_PERSISTENT,10.0,NORMAL,Proposed Dual-Condition Breaker,0.90000000000000002,0.90000000000000013,0.90000000000000002,0.89450207874656162,0.85491704572180494,FALSE,0,FALSE,FALSE,0.50000000000000000,-0.35491704572180494,FALSE,FALSE,,0.50000000000000000
E4_PERSISTENT,10.0,NORMAL,History-only Breaker,0.90000000000000002,0.90000000000000013,0.90000000000000002,0.89450207874656162,0.85491704572180494,FALSE,0,FALSE,FALSE,0.50000000000000000,-0.35491704572180494,FALSE,FALSE,,0.50000000000000000
E4_PERSISTENT,10.0,NORMAL,No Local Breaker,0.90000000000000002,0.90000000000000013,0.90000000000000002,0.89450207874656162,0.85491704572180494,FALSE,0,FALSE,FALSE,0.50000000000000000,-0.35491704572180494,FALSE,FALSE,,0.50000000000000000
E4_PERSISTENT,11.0,NORMAL,Proposed Dual-Condition Breaker,0.90000000000000002,0.90000000000000013,0.90000000000000002,0.89549170457218052,0.86303197749188010,FALSE,0,FALSE,FALSE,0.50000000000000000,-0.36303197749188010,FALSE,FALSE,,0.50000000000000000
E4_PERSISTENT,11.0,NORMAL,History-only Breaker,0.90000000000000002,0.90000000000000013,0.90000000000000002,0.89549170457218052,0.86303197749188010,FALSE,0,FALSE,FALSE,0.50000000000000000,-0.36303197749188010,FALSE,FALSE,,0.50000000000000000
E4_PERSISTENT,11.0,NORMAL,No Local Breaker,0.90000000000000002,0.90000000000000013,0.90000000000000002,0.89549170457218052,0.86303197749188010,FALSE,0,FALSE,FALSE,0.50000000000000000,-0.36303197749188010,FALSE,FALSE,,0.50000000000000000
E4_PERSISTENT,12.0,NORMAL,Proposed Dual-Condition Breaker,0.90000000000000002,0.90000000000000013,0.90000000000000002,0.89630319774918810,0.86968622154334174,FALSE,0,FALSE,FALSE,0.50000000000000000,-0.36968622154334174,FALSE,FALSE,,0.50000000000000000
E4_PERSISTENT,12.0,NORMAL,History-only Breaker,0.90000000000000002,0.90000000000000013,0.90000000000000002,0.89630319774918810,0.86968622154334174,FALSE,0,FALSE,FALSE,0.50000000000000000,-0.36968622154334174,FALSE,FALSE,,0.50000000000000000
E4_PERSISTENT,12.0,NORMAL,No Local Breaker,0.90000000000000002,0.90000000000000013,0.90000000000000002,0.89630319774918810,0.86968622154334174,FALSE,0,FALSE,FALSE,0.50000000000000000,-0.36968622154334174,FALSE,FALSE,,0.50000000000000000
E4_PERSISTENT,13.0,NORMAL,Proposed Dual-Condition Breaker,0.90000000000000002,0.90000000000000013,0.90000000000000002,0.89696862215433426,0.87514270166554020,FALSE,0,FALSE,FALSE,0.50000000000000000,-0.37514270166554020,FALSE,FALSE,,0.50000000000000000
E4_PERSISTENT,13.0,NORMAL,History-only Breaker,0.90000000000000002,0.90000000000000013,0.90000000000000002,0.89696862215433426,0.87514270166554020,FALSE,0,FALSE,FALSE,0.50000000000000000,-0.37514270166554020,FALSE,FALSE,,0.50000000000000000
E4_PERSISTENT,13.0,NORMAL,No Local Breaker,0.90000000000000002,0.90000000000000013,0.90000000000000002,0.89696862215433426,0.87514270166554020,FALSE,0,FALSE,FALSE,0.50000000000000000,-0.37514270166554020,FALSE,FALSE,,0.50000000000000000
E4_PERSISTENT,14.0,NORMAL,Proposed Dual-Condition Breaker,0.90000000000000002,0.90000000000000013,0.90000000000000002,0.89751427016655405,0.87961701536574299,FALSE,0,FALSE,FALSE,0.50000000000000000,-0.37961701536574299,FALSE,FALSE,,0.50000000000000000
E4_PERSISTENT,14.0,NORMAL,History-only Breaker,0.90000000000000002,0.90000000000000013,0.90000000000000002,0.89751427016655405,0.87961701536574299,FALSE,0,FALSE,FALSE,0.50000000000000000,-0.37961701536574299,FALSE,FALSE,,0.50000000000000000
E4_PERSISTENT,14.0,NORMAL,No Local Breaker,0.90000000000000002,0.90000000000000013,0.90000000000000002,0.89751427016655405,0.87961701536574299,FALSE,0,FALSE,FALSE,0.50000000000000000,-0.37961701536574299,FALSE,FALSE,,0.50000000000000000
E4_PERSISTENT,15.0,NORMAL,Proposed Dual-Condition Breaker,0.90000000000000002,0.90000000000000013,0.90000000000000002,0.89796170153657440,0.88328595259990927,FALSE,0,FALSE,FALSE,0.50000000000000000,-0.38328595259990927,FALSE,FALSE,,0.50000000000000000
E4_PERSISTENT,15.0,NORMAL,History-only Breaker,0.90000000000000002,0.90000000000000013,0.90000000000000002,0.89796170153657440,0.88328595259990927,FALSE,0,FALSE,FALSE,0.50000000000000000,-0.38328595259990927,FALSE,FALSE,,0.50000000000000000
E4_PERSISTENT,15.0,NORMAL,No Local Breaker,0.90000000000000002,0.90000000000000013,0.90000000000000002,0.89796170153657440,0.88328595259990927,FALSE,0,FALSE,FALSE,0.50000000000000000,-0.38328595259990927,FALSE,FALSE,,0.50000000000000000
E4_PERSISTENT,16.0,NORMAL,Proposed Dual-Condition Breaker,0.90000000000000002,0.90000000000000013,0.90000000000000002,0.89832859525999098,0.88629448113192555,FALSE,0,FALSE,FALSE,0.50000000000000000,-0.38629448113192555,FALSE,FALSE,,0.50000000000000000
E4_PERSISTENT,16.0,NORMAL,History-only Breaker,0.90000000000000002,0.90000000000000013,0.90000000000000002,0.89832859525999098,0.88629448113192555,FALSE,0,FALSE,FALSE,0.50000000000000000,-0.38629448113192555,FALSE,FALSE,,0.50000000000000000
E4_PERSISTENT,16.0,NORMAL,No Local Breaker,0.90000000000000002,0.90000000000000013,0.90000000000000002,0.89832859525999098,0.88629448113192555,FALSE,0,FALSE,FALSE,0.50000000000000000,-0.38629448113192555,FALSE,FALSE,,0.50000000000000000
E4_PERSISTENT,17.0,NORMAL,Proposed Dual-Condition Breaker,0.90000000000000002,0.90000000000000013,0.90000000000000002,0.89862944811319256,0.88876147452817900,FALSE,0,FALSE,FALSE,0.50000000000000000,-0.38876147452817900,FALSE,FALSE,,0.50000000000000000
E4_PERSISTENT,17.0,NORMAL,History-only Breaker,0.90000000000000002,0.90000000000000013,0.90000000000000002,0.89862944811319256,0.88876147452817900,FALSE,0,FALSE,FALSE,0.50000000000000000,-0.38876147452817900,FALSE,FALSE,,0.50000000000000000
E4_PERSISTENT,17.0,NORMAL,No Local Breaker,0.90000000000000002,0.90000000000000013,0.90000000000000002,0.89862944811319256,0.88876147452817900,FALSE,0,FALSE,FALSE,0.50000000000000000,-0.38876147452817900,FALSE,FALSE,,0.50000000000000000
E4_PERSISTENT,18.0,NORMAL,Proposed Dual-Condition Breaker,0.90000000000000002,0.90000000000000013,0.90000000000000002,0.89887614745281796,0.89078440911310686,FALSE,0,FALSE,FALSE,0.50000000000000000,-0.39078440911310686,FALSE,FALSE,,0.50000000000000000
E4_PERSISTENT,18.0,NORMAL,History-only Breaker,0.90000000000000002,0.90000000000000013,0.90000000000000002,0.89887614745281796,0.89078440911310686,FALSE,0,FALSE,FALSE,0.50000000000000000,-0.39078440911310686,FALSE,FALSE,,0.50000000000000000
E4_PERSISTENT,18.0,NORMAL,No Local Breaker,0.90000000000000002,0.90000000000000013,0.90000000000000002,0.89887614745281796,0.89078440911310686,FALSE,0,FALSE,FALSE,0.50000000000000000,-0.39078440911310686,FALSE,FALSE,,0.50000000000000000
E4_PERSISTENT,19.0,NORMAL,Proposed Dual-Condition Breaker,0.90000000000000002,0.90000000000000013,0.90000000000000002,0.89907844091131073,0.89244321547274763,FALSE,0,FALSE,FALSE,0.50000000000000000,-0.39244321547274763,FALSE,FALSE,,0.50000000000000000
E4_PERSISTENT,19.0,NORMAL,History-only Breaker,0.90000000000000002,0.90000000000000013,0.90000000000000002,0.89907844091131073,0.89244321547274763,FALSE,0,FALSE,FALSE,0.50000000000000000,-0.39244321547274763,FALSE,FALSE,,0.50000000000000000
E4_PERSISTENT,19.0,NORMAL,No Local Breaker,0.90000000000000002,0.90000000000000013,0.90000000000000002,0.89907844091131073,0.89244321547274763,FALSE,0,FALSE,FALSE,0.50000000000000000,-0.39244321547274763,FALSE,FALSE,,0.50000000000000000
E4_PERSISTENT,20.0,ANOMALOUS,Proposed Dual-Condition Breaker,0.10000000000000001,0.90000000000000013,0.34000000000000002,0.39524432154727468,0.49468410033236931,TRUE,1,FALSE,FALSE,0.50000000000000000,0.00531589966763069,FALSE,FALSE,,0.50000000000000000
E4_PERSISTENT,20.0,ANOMALOUS,History-only Breaker,0.10000000000000001,0.90000000000000013,0.34000000000000002,0.39524432154727468,0.49468410033236931,TRUE,1,FALSE,FALSE,0.50000000000000000,0.00531589966763069,FALSE,FALSE,,0.50000000000000000
E4_PERSISTENT,20.0,ANOMALOUS,No Local Breaker,0.10000000000000001,0.90000000000000013,0.34000000000000002,0.39524432154727468,0.49468410033236931,TRUE,1,FALSE,FALSE,0.50000000000000000,0.00531589966763069,FALSE,FALSE,,0.50000000000000000
E4_PERSISTENT,21.0,ANOMALOUS,Proposed Dual-Condition Breaker,0.10000000000000001,0.90000000000000013,0.34000000000000002,0.35546841003323693,0.38331154809306339,TRUE,2,FALSE,FALSE,0.50000000000000000,0.11668845190693661,TRUE,TRUE,TRUE,0.38331154809306339
E4_PERSISTENT,21.0,ANOMALOUS,History-only Breaker,0.10000000000000001,0.90000000000000013,0.34000000000000002,0.35546841003323693,0.38331154809306339,TRUE,2,FALSE,TRUE,0.50000000000000000,0.11668845190693661,TRUE,TRUE,TRUE,0.38331154809306339
E4_PERSISTENT,21.0,ANOMALOUS,No Local Breaker,0.10000000000000001,0.90000000000000013,0.34000000000000002,0.35546841003323693,0.38331154809306339,TRUE,2,FALSE,FALSE,0.50000000000000000,0.11668845190693661,TRUE,TRUE,TRUE,0.38331154809306339
E4_PERSISTENT,22.0,ANOMALOUS,Proposed Dual-Condition Breaker,0.10000000000000001,0.90000000000000013,0.34000000000000002,0.34433115480930632,0.35212723346605779,TRUE,3,TRUE,TRUE,0.38331154809306339,0.03118431462700560,FALSE,TRUE,TRUE,0.35212723346605779
E4_PERSISTENT,22.0,ANOMALOUS,History-only Breaker,0.10000000000000001,0.90000000000000013,0.34000000000000002,0.34433115480930632,0.35212723346605779,TRUE,3,TRUE,TRUE,0.38331154809306339,0.03118431462700560,FALSE,TRUE,TRUE,0.35212723346605779
E4_PERSISTENT,22.0,ANOMALOUS,No Local Breaker,0.10000000000000001,0.90000000000000013,0.34000000000000002,0.34433115480930632,0.35212723346605779,TRUE,3,TRUE,FALSE,0.38331154809306339,0.03118431462700560,FALSE,FALSE,,0.38331154809306339
E4_PERSISTENT,23.0,ANOMALOUS,Proposed Dual-Condition Breaker,0.10000000000000001,0.90000000000000013,0.34000000000000002,0.34121272334660580,0.34339562537049617,TRUE,3,TRUE,TRUE,0.35212723346605779,0.00873160809556162,FALSE,TRUE,TRUE,0.34339562537049617
E4_PERSISTENT,23.0,ANOMALOUS,History-only Breaker,0.10000000000000001,0.90000000000000013,0.34000000000000002,0.34121272334660580,0.34339562537049617,TRUE,3,TRUE,TRUE,0.35212723346605779,0.00873160809556162,FALSE,TRUE,TRUE,0.34339562537049617
E4_PERSISTENT,23.0,ANOMALOUS,No Local Breaker,0.10000000000000001,0.90000000000000013,0.34000000000000002,0.34121272334660580,0.34339562537049617,TRUE,3,TRUE,FALSE,0.38331154809306339,0.03991592272256722,FALSE,FALSE,,0.38331154809306339
E4_PERSISTENT,24.0,ANOMALOUS,Proposed Dual-Condition Breaker,0.10000000000000001,0.90000000000000013,0.34000000000000002,0.34033956253704961,0.34095077510373895,TRUE,3,TRUE,TRUE,0.34339562537049617,0.00244485026675723,FALSE,TRUE,TRUE,0.34095077510373895
E4_PERSISTENT,24.0,ANOMALOUS,History-only Breaker,0.10000000000000001,0.90000000000000013,0.34000000000000002,0.34033956253704961,0.34095077510373895,TRUE,3,TRUE,TRUE,0.34339562537049617,0.00244485026675723,FALSE,TRUE,TRUE,0.34095077510373895
E4_PERSISTENT,24.0,ANOMALOUS,No Local Breaker,0.10000000000000001,0.90000000000000013,0.34000000000000002,0.34033956253704961,0.34095077510373895,TRUE,3,TRUE,FALSE,0.38331154809306339,0.04236077298932445,FALSE,FALSE,,0.38331154809306339
E4_PERSISTENT,25.0,ANOMALOUS,Proposed Dual-Condition Breaker,0.10000000000000001,0.90000000000000013,0.34000000000000002,0.34009507751037388,0.34026621702904691,TRUE,3,TRUE,TRUE,0.34095077510373895,0.00068455807469203,FALSE,TRUE,TRUE,0.34026621702904691
E4_PERSISTENT,25.0,ANOMALOUS,History-only Breaker,0.10000000000000001,0.90000000000000013,0.34000000000000002,0.34009507751037388,0.34026621702904691,TRUE,3,TRUE,TRUE,0.34095077510373895,0.00068455807469203,FALSE,TRUE,TRUE,0.34026621702904691
E4_PERSISTENT,25.0,ANOMALOUS,No Local Breaker,0.10000000000000001,0.90000000000000013,0.34000000000000002,0.34009507751037388,0.34026621702904691,TRUE,3,TRUE,FALSE,0.38331154809306339,0.04304533106401648,FALSE,FALSE,,0.38331154809306339
E4_PERSISTENT,26.0,ANOMALOUS,Proposed Dual-Condition Breaker,0.10000000000000001,0.90000000000000013,0.34000000000000002,0.34002662170290471,0.34007454076813315,TRUE,3,TRUE,TRUE,0.34026621702904691,0.00019167626091376,FALSE,TRUE,TRUE,0.34007454076813315
E4_PERSISTENT,26.0,ANOMALOUS,History-only Breaker,0.10000000000000001,0.90000000000000013,0.34000000000000002,0.34002662170290471,0.34007454076813315,TRUE,3,TRUE,TRUE,0.34026621702904691,0.00019167626091376,FALSE,TRUE,TRUE,0.34007454076813315
E4_PERSISTENT,26.0,ANOMALOUS,No Local Breaker,0.10000000000000001,0.90000000000000013,0.34000000000000002,0.34002662170290471,0.34007454076813315,TRUE,3,TRUE,FALSE,0.38331154809306339,0.04323700732493024,FALSE,FALSE,,0.38331154809306339
E4_PERSISTENT,27.0,ANOMALOUS,Proposed Dual-Condition Breaker,0.10000000000000001,0.90000000000000013,0.34000000000000002,0.34000745407681332,0.34002087141507731,TRUE,3,TRUE,TRUE,0.34007454076813315,0.00005366935305584,FALSE,TRUE,TRUE,0.34002087141507731
E4_PERSISTENT,27.0,ANOMALOUS,History-only Breaker,0.10000000000000001,0.90000000000000013,0.34000000000000002,0.34000745407681332,0.34002087141507731,TRUE,3,TRUE,TRUE,0.34007454076813315,0.00005366935305584,FALSE,TRUE,TRUE,0.34002087141507731
E4_PERSISTENT,27.0,ANOMALOUS,No Local Breaker,0.10000000000000001,0.90000000000000013,0.34000000000000002,0.34000745407681332,0.34002087141507731,TRUE,3,TRUE,FALSE,0.38331154809306339,0.04329067667798608,FALSE,FALSE,,0.38331154809306339
E4_PERSISTENT,28.0,ANOMALOUS,Proposed Dual-Condition Breaker,0.10000000000000001,0.90000000000000013,0.34000000000000002,0.34000208714150776,0.34000584399622169,TRUE,3,TRUE,TRUE,0.34002087141507731,0.00001502741885562,FALSE,TRUE,TRUE,0.34000584399622169
E4_PERSISTENT,28.0,ANOMALOUS,History-only Breaker,0.10000000000000001,0.90000000000000013,0.34000000000000002,0.34000208714150776,0.34000584399622169,TRUE,3,TRUE,TRUE,0.34002087141507731,0.00001502741885562,FALSE,TRUE,TRUE,0.34000584399622169
E4_PERSISTENT,28.0,ANOMALOUS,No Local Breaker,0.10000000000000001,0.90000000000000013,0.34000000000000002,0.34000208714150776,0.34000584399622169,TRUE,3,TRUE,FALSE,0.38331154809306339,0.04330570409684170,FALSE,FALSE,,0.38331154809306339
E4_PERSISTENT,29.0,ANOMALOUS,Proposed Dual-Condition Breaker,0.10000000000000001,0.90000000000000013,0.34000000000000002,0.34000058439962216,0.34000163631894209,TRUE,3,TRUE,TRUE,0.34000584399622169,0.00000420767727960,FALSE,TRUE,TRUE,0.34000163631894209
E4_PERSISTENT,29.0,ANOMALOUS,History-only Breaker,0.10000000000000001,0.90000000000000013,0.34000000000000002,0.34000058439962216,0.34000163631894209,TRUE,3,TRUE,TRUE,0.34000584399622169,0.00000420767727960,FALSE,TRUE,TRUE,0.34000163631894209
E4_PERSISTENT,29.0,ANOMALOUS,No Local Breaker,0.10000000000000001,0.90000000000000013,0.34000000000000002,0.34000058439962216,0.34000163631894209,TRUE,3,TRUE,FALSE,0.38331154809306339,0.04330991177412130,FALSE,FALSE,,0.38331154809306339
E4_PERSISTENT,30.0,ANOMALOUS,Proposed Dual-Condition Breaker,0.10000000000000001,0.90000000000000013,0.34000000000000002,0.34000016363189423,0.34000045816930380,TRUE,3,TRUE,TRUE,0.34000163631894209,0.00000117814963829,FALSE,TRUE,TRUE,0.34000045816930380
E4_PERSISTENT,30.0,ANOMALOUS,History-only Breaker,0.10000000000000001,0.90000000000000013,0.34000000000000002,0.34000016363189423,0.34000045816930380,TRUE,3,TRUE,TRUE,0.34000163631894209,0.00000117814963829,FALSE,TRUE,TRUE,0.34000045816930380
E4_PERSISTENT,30.0,ANOMALOUS,No Local Breaker,0.10000000000000001,0.90000000000000013,0.34000000000000002,0.34000016363189423,0.34000045816930380,TRUE,3,TRUE,FALSE,0.38331154809306339,0.04331108992375959,FALSE,FALSE,,0.38331154809306339
E4_PERSISTENT,31.0,ANOMALOUS,Proposed Dual-Condition Breaker,0.10000000000000001,0.90000000000000013,0.34000000000000002,0.34000004581693039,0.34000012828740511,TRUE,3,TRUE,TRUE,0.34000045816930380,0.00000032988189869,FALSE,TRUE,TRUE,0.34000012828740511
E4_PERSISTENT,31.0,ANOMALOUS,History-only Breaker,0.10000000000000001,0.90000000000000013,0.34000000000000002,0.34000004581693039,0.34000012828740511,TRUE,3,TRUE,TRUE,0.34000045816930380,0.00000032988189869,FALSE,TRUE,TRUE,0.34000012828740511
E4_PERSISTENT,31.0,ANOMALOUS,No Local Breaker,0.10000000000000001,0.90000000000000013,0.34000000000000002,0.34000004581693039,0.34000012828740511,TRUE,3,TRUE,FALSE,0.38331154809306339,0.04331141980565828,FALSE,FALSE,,0.38331154809306339
E4_PERSISTENT,32.0,ANOMALOUS,Proposed Dual-Condition Breaker,0.10000000000000001,0.90000000000000013,0.34000000000000002,0.34000001282874054,0.34000003592047345,TRUE,3,TRUE,TRUE,0.34000012828740511,0.00000009236693166,FALSE,TRUE,TRUE,0.34000003592047345
E4_PERSISTENT,32.0,ANOMALOUS,History-only Breaker,0.10000000000000001,0.90000000000000013,0.34000000000000002,0.34000001282874054,0.34000003592047345,TRUE,3,TRUE,TRUE,0.34000012828740511,0.00000009236693166,FALSE,TRUE,TRUE,0.34000003592047345
E4_PERSISTENT,32.0,ANOMALOUS,No Local Breaker,0.10000000000000001,0.90000000000000013,0.34000000000000002,0.34000001282874054,0.34000003592047345,TRUE,3,TRUE,FALSE,0.38331154809306339,0.04331151217258994,FALSE,FALSE,,0.38331154809306339
E4_PERSISTENT,33.0,ANOMALOUS,Proposed Dual-Condition Breaker,0.10000000000000001,0.90000000000000013,0.34000000000000002,0.34000000359204735,0.34000001005773262,TRUE,3,TRUE,TRUE,0.34000003592047345,0.00000002586274084,FALSE,TRUE,TRUE,0.34000001005773262
E4_PERSISTENT,33.0,ANOMALOUS,History-only Breaker,0.10000000000000001,0.90000000000000013,0.34000000000000002,0.34000000359204735,0.34000001005773262,TRUE,3,TRUE,TRUE,0.34000003592047345,0.00000002586274084,FALSE,TRUE,TRUE,0.34000001005773262
E4_PERSISTENT,33.0,ANOMALOUS,No Local Breaker,0.10000000000000001,0.90000000000000013,0.34000000000000002,0.34000000359204735,0.34000001005773262,TRUE,3,TRUE,FALSE,0.38331154809306339,0.04331153803533078,FALSE,FALSE,,0.38331154809306339
E4_PERSISTENT,34.0,ANOMALOUS,Proposed Dual-Condition Breaker,0.10000000000000001,0.90000000000000013,0.34000000000000002,0.34000000100577327,0.34000000281616516,TRUE,3,TRUE,TRUE,0.34000001005773262,0.00000000724156746,FALSE,TRUE,TRUE,0.34000000281616516
E4_PERSISTENT,34.0,ANOMALOUS,History-only Breaker,0.10000000000000001,0.90000000000000013,0.34000000000000002,0.34000000100577327,0.34000000281616516,TRUE,3,TRUE,TRUE,0.34000001005773262,0.00000000724156746,FALSE,TRUE,TRUE,0.34000000281616516
E4_PERSISTENT,34.0,ANOMALOUS,No Local Breaker,0.10000000000000001,0.90000000000000013,0.34000000000000002,0.34000000100577327,0.34000000281616516,TRUE,3,TRUE,FALSE,0.38331154809306339,0.04331154527689823,FALSE,FALSE,,0.38331154809306339
E4_PERSISTENT,35.0,ANOMALOUS,Proposed Dual-Condition Breaker,0.10000000000000001,0.90000000000000013,0.34000000000000002,0.34000000028161653,0.34000000078852627,TRUE,3,TRUE,TRUE,0.34000000281616516,0.00000000202763889,FALSE,TRUE,TRUE,0.34000000078852627
E4_PERSISTENT,35.0,ANOMALOUS,History-only Breaker,0.10000000000000001,0.90000000000000013,0.34000000000000002,0.34000000028161653,0.34000000078852627,TRUE,3,TRUE,TRUE,0.34000000281616516,0.00000000202763889,FALSE,TRUE,TRUE,0.34000000078852627
E4_PERSISTENT,35.0,ANOMALOUS,No Local Breaker,0.10000000000000001,0.90000000000000013,0.34000000000000002,0.34000000028161653,0.34000000078852627,TRUE,3,TRUE,FALSE,0.38331154809306339,0.04331154730453712,FALSE,FALSE,,0.38331154809306339
E4_PERSISTENT,36.0,ANOMALOUS,Proposed Dual-Condition Breaker,0.10000000000000001,0.90000000000000013,0.34000000000000002,0.34000000007885262,0.34000000022078736,TRUE,3,TRUE,TRUE,0.34000000078852627,0.00000000056773891,FALSE,TRUE,TRUE,0.34000000022078736
E4_PERSISTENT,36.0,ANOMALOUS,History-only Breaker,0.10000000000000001,0.90000000000000013,0.34000000000000002,0.34000000007885262,0.34000000022078736,TRUE,3,TRUE,TRUE,0.34000000078852627,0.00000000056773891,FALSE,TRUE,TRUE,0.34000000022078736
E4_PERSISTENT,36.0,ANOMALOUS,No Local Breaker,0.10000000000000001,0.90000000000000013,0.34000000000000002,0.34000000007885262,0.34000000022078736,TRUE,3,TRUE,FALSE,0.38331154809306339,0.04331154787227603,FALSE,FALSE,,0.38331154809306339
E4_PERSISTENT,37.0,ANOMALOUS,Proposed Dual-Condition Breaker,0.10000000000000001,0.90000000000000013,0.34000000000000002,0.34000000002207875,0.34000000006182046,TRUE,3,TRUE,TRUE,0.34000000022078736,0.00000000015896690,FALSE,TRUE,TRUE,0.34000000006182046
E4_PERSISTENT,37.0,ANOMALOUS,History-only Breaker,0.10000000000000001,0.90000000000000013,0.34000000000000002,0.34000000002207875,0.34000000006182046,TRUE,3,TRUE,TRUE,0.34000000022078736,0.00000000015896690,FALSE,TRUE,TRUE,0.34000000006182046
E4_PERSISTENT,37.0,ANOMALOUS,No Local Breaker,0.10000000000000001,0.90000000000000013,0.34000000000000002,0.34000000002207875,0.34000000006182046,TRUE,3,TRUE,FALSE,0.38331154809306339,0.04331154803124293,FALSE,FALSE,,0.38331154809306339
E4_PERSISTENT,38.0,ANOMALOUS,Proposed Dual-Condition Breaker,0.10000000000000001,0.90000000000000013,0.34000000000000002,0.34000000000618202,0.34000000001730973,TRUE,3,TRUE,TRUE,0.34000000006182046,0.00000000004451073,FALSE,TRUE,TRUE,0.34000000001730973
E4_PERSISTENT,38.0,ANOMALOUS,History-only Breaker,0.10000000000000001,0.90000000000000013,0.34000000000000002,0.34000000000618202,0.34000000001730973,TRUE,3,TRUE,TRUE,0.34000000006182046,0.00000000004451073,FALSE,TRUE,TRUE,0.34000000001730973
E4_PERSISTENT,38.0,ANOMALOUS,No Local Breaker,0.10000000000000001,0.90000000000000013,0.34000000000000002,0.34000000000618202,0.34000000001730973,TRUE,3,TRUE,FALSE,0.38331154809306339,0.04331154807575366,FALSE,FALSE,,0.38331154809306339
E4_PERSISTENT,39.0,ANOMALOUS,Proposed Dual-Condition Breaker,0.10000000000000001,0.90000000000000013,0.34000000000000002,0.34000000000173097,0.34000000000484676,TRUE,3,TRUE,TRUE,0.34000000001730973,0.00000000001246298,FALSE,TRUE,TRUE,0.34000000000484676
E4_PERSISTENT,39.0,ANOMALOUS,History-only Breaker,0.10000000000000001,0.90000000000000013,0.34000000000000002,0.34000000000173097,0.34000000000484676,TRUE,3,TRUE,TRUE,0.34000000001730973,0.00000000001246298,FALSE,TRUE,TRUE,0.34000000000484676
E4_PERSISTENT,39.0,ANOMALOUS,No Local Breaker,0.10000000000000001,0.90000000000000013,0.34000000000000002,0.34000000000173097,0.34000000000484676,TRUE,3,TRUE,FALSE,0.38331154809306339,0.04331154808821663,FALSE,FALSE,,0.38331154809306339
E4_PERSISTENT,40.0,NORMAL,Proposed Dual-Condition Breaker,0.90000000000000002,0.90000000000000013,0.90000000000000002,0.84400000000048481,0.44080000000397435,FALSE,2,FALSE,FALSE,0.34000000000484676,-0.10079999999912759,FALSE,FALSE,,0.34000000000484676
E4_PERSISTENT,40.0,NORMAL,History-only Breaker,0.90000000000000002,0.90000000000000013,0.90000000000000002,0.84400000000048481,0.44080000000397435,FALSE,2,FALSE,FALSE,0.34000000000484676,-0.10079999999912759,FALSE,FALSE,,0.34000000000484676
E4_PERSISTENT,40.0,NORMAL,No Local Breaker,0.90000000000000002,0.90000000000000013,0.90000000000000002,0.84400000000048481,0.44080000000397435,FALSE,2,FALSE,FALSE,0.38331154809306339,-0.05748845191091095,FALSE,FALSE,,0.38331154809306339
E4_PERSISTENT,41.0,NORMAL,Proposed Dual-Condition Breaker,0.90000000000000002,0.90000000000000013,0.90000000000000002,0.85408000000039752,0.52345600000325898,FALSE,1,FALSE,FALSE,0.34000000000484676,-0.18345599999841222,FALSE,FALSE,,0.34000000000484676
E4_PERSISTENT,41.0,NORMAL,History-only Breaker,0.90000000000000002,0.90000000000000013,0.90000000000000002,0.85408000000039752,0.52345600000325898,FALSE,1,FALSE,FALSE,0.34000000000484676,-0.18345599999841222,FALSE,FALSE,,0.34000000000484676
E4_PERSISTENT,41.0,NORMAL,No Local Breaker,0.90000000000000002,0.90000000000000013,0.90000000000000002,0.85408000000039752,0.52345600000325898,FALSE,1,FALSE,FALSE,0.38331154809306339,-0.14014445191019559,FALSE,FALSE,,0.38331154809306339
E4_PERSISTENT,42.0,NORMAL,Proposed Dual-Condition Breaker,0.90000000000000002,0.90000000000000013,0.90000000000000002,0.86234560000032601,0.59123392000267239,FALSE,0,FALSE,FALSE,0.34000000000484676,-0.25123391999782563,FALSE,FALSE,,0.34000000000484676
E4_PERSISTENT,42.0,NORMAL,History-only Breaker,0.90000000000000002,0.90000000000000013,0.90000000000000002,0.86234560000032601,0.59123392000267239,FALSE,0,FALSE,FALSE,0.34000000000484676,-0.25123391999782563,FALSE,FALSE,,0.34000000000484676
E4_PERSISTENT,42.0,NORMAL,No Local Breaker,0.90000000000000002,0.90000000000000013,0.90000000000000002,0.86234560000032601,0.59123392000267239,FALSE,0,FALSE,FALSE,0.38331154809306339,-0.20792237190960899,FALSE,FALSE,,0.38331154809306339
E4_PERSISTENT,43.0,NORMAL,Proposed Dual-Condition Breaker,0.90000000000000002,0.90000000000000013,0.90000000000000002,0.86912339200026734,0.64681181440219138,FALSE,0,FALSE,FALSE,0.34000000000484676,-0.30681181439734462,FALSE,FALSE,,0.34000000000484676
E4_PERSISTENT,43.0,NORMAL,History-only Breaker,0.90000000000000002,0.90000000000000013,0.90000000000000002,0.86912339200026734,0.64681181440219138,FALSE,0,FALSE,FALSE,0.34000000000484676,-0.30681181439734462,FALSE,FALSE,,0.34000000000484676
E4_PERSISTENT,43.0,NORMAL,No Local Breaker,0.90000000000000002,0.90000000000000013,0.90000000000000002,0.86912339200026734,0.64681181440219138,FALSE,0,FALSE,FALSE,0.38331154809306339,-0.26350026630912798,FALSE,FALSE,,0.38331154809306339
E4_PERSISTENT,44.0,NORMAL,Proposed Dual-Condition Breaker,0.90000000000000002,0.90000000000000013,0.90000000000000002,0.87468118144021922,0.69238568780979692,FALSE,0,FALSE,FALSE,0.34000000000484676,-0.35238568780495017,FALSE,FALSE,,0.34000000000484676
E4_PERSISTENT,44.0,NORMAL,History-only Breaker,0.90000000000000002,0.90000000000000013,0.90000000000000002,0.87468118144021922,0.69238568780979692,FALSE,0,FALSE,FALSE,0.34000000000484676,-0.35238568780495017,FALSE,FALSE,,0.34000000000484676
E4_PERSISTENT,44.0,NORMAL,No Local Breaker,0.90000000000000002,0.90000000000000013,0.90000000000000002,0.87468118144021922,0.69238568780979692,FALSE,0,FALSE,FALSE,0.38331154809306339,-0.30907413971673353,FALSE,FALSE,,0.38331154809306339
E4_PERSISTENT,45.0,NORMAL,Proposed Dual-Condition Breaker,0.90000000000000002,0.90000000000000013,0.90000000000000002,0.87923856878097972,0.72975626400403348,FALSE,0,FALSE,FALSE,0.34000000000484676,-0.38975626399918673,FALSE,FALSE,,0.34000000000484676
E4_PERSISTENT,45.0,NORMAL,History-only Breaker,0.90000000000000002,0.90000000000000013,0.90000000000000002,0.87923856878097972,0.72975626400403348,FALSE,0,FALSE,FALSE,0.34000000000484676,-0.38975626399918673,FALSE,FALSE,,0.34000000000484676
E4_PERSISTENT,45.0,NORMAL,No Local Breaker,0.90000000000000002,0.90000000000000013,0.90000000000000002,0.87923856878097972,0.72975626400403348,FALSE,0,FALSE,FALSE,0.38331154809306339,-0.34644471591097009,FALSE,FALSE,,0.38331154809306339
E4_PERSISTENT,46.0,NORMAL,Proposed Dual-Condition Breaker,0.90000000000000002,0.90000000000000013,0.90000000000000002,0.88297562640040339,0.76040013648330751,FALSE,0,FALSE,FALSE,0.34000000000484676,-0.42040013647846075,FALSE,FALSE,,0.34000000000484676
E4_PERSISTENT,46.0,NORMAL,History-only Breaker,0.90000000000000002,0.90000000000000013,0.90000000000000002,0.88297562640040339,0.76040013648330751,FALSE,0,FALSE,FALSE,0.34000000000484676,-0.42040013647846075,FALSE,FALSE,,0.34000000000484676
E4_PERSISTENT,46.0,NORMAL,No Local Breaker,0.90000000000000002,0.90000000000000013,0.90000000000000002,0.88297562640040339,0.76040013648330751,FALSE,0,FALSE,FALSE,0.38331154809306339,-0.37708858839024412,FALSE,FALSE,,0.38331154809306339
E4_PERSISTENT,47.0,NORMAL,Proposed Dual-Condition Breaker,0.90000000000000002,0.90000000000000013,0.90000000000000002,0.88604001364833085,0.78552811191631222,FALSE,0,FALSE,FALSE,0.34000000000484676,-0.44552811191146546,FALSE,FALSE,,0.34000000000484676
E4_PERSISTENT,47.0,NORMAL,History-only Breaker,0.90000000000000002,0.90000000000000013,0.90000000000000002,0.88604001364833085,0.78552811191631222,FALSE,0,FALSE,FALSE,0.34000000000484676,-0.44552811191146546,FALSE,FALSE,,0.34000000000484676
E4_PERSISTENT,47.0,NORMAL,No Local Breaker,0.90000000000000002,0.90000000000000013,0.90000000000000002,0.88604001364833085,0.78552811191631222,FALSE,0,FALSE,FALSE,0.38331154809306339,-0.40221656382324883,FALSE,FALSE,,0.38331154809306339
E4_PERSISTENT,48.0,NORMAL,Proposed Dual-Condition Breaker,0.90000000000000002,0.90000000000000013,0.90000000000000002,0.88855281119163132,0.80613305177137606,FALSE,0,FALSE,FALSE,0.34000000000484676,-0.46613305176652930,FALSE,FALSE,,0.34000000000484676
E4_PERSISTENT,48.0,NORMAL,History-only Breaker,0.90000000000000002,0.90000000000000013,0.90000000000000002,0.88855281119163132,0.80613305177137606,FALSE,0,FALSE,FALSE,0.34000000000484676,-0.46613305176652930,FALSE,FALSE,,0.34000000000484676
E4_PERSISTENT,48.0,NORMAL,No Local Breaker,0.90000000000000002,0.90000000000000013,0.90000000000000002,0.88855281119163132,0.80613305177137606,FALSE,0,FALSE,FALSE,0.38331154809306339,-0.42282150367831267,FALSE,FALSE,,0.38331154809306339
E4_PERSISTENT,49.0,NORMAL,Proposed Dual-Condition Breaker,0.90000000000000002,0.90000000000000013,0.90000000000000002,0.89061330517713766,0.82302910245252836,FALSE,0,FALSE,FALSE,0.34000000000484676,-0.48302910244768160,FALSE,FALSE,,0.34000000000484676
E4_PERSISTENT,49.0,NORMAL,History-only Breaker,0.90000000000000002,0.90000000000000013,0.90000000000000002,0.89061330517713766,0.82302910245252836,FALSE,0,FALSE,FALSE,0.34000000000484676,-0.48302910244768160,FALSE,FALSE,,0.34000000000484676
E4_PERSISTENT,49.0,NORMAL,No Local Breaker,0.90000000000000002,0.90000000000000013,0.90000000000000002,0.89061330517713766,0.82302910245252836,FALSE,0,FALSE,FALSE,0.38331154809306339,-0.43971755435946497,FALSE,FALSE,,0.38331154809306339
E4_PERSISTENT,50.0,NORMAL,Proposed Dual-Condition Breaker,0.90000000000000002,0.90000000000000013,0.90000000000000002,0.89230291024525288,0.83688386401107329,FALSE,0,FALSE,FALSE,0.34000000000484676,-0.49688386400622653,FALSE,FALSE,,0.34000000000484676
E4_PERSISTENT,50.0,NORMAL,History-only Breaker,0.90000000000000002,0.90000000000000013,0.90000000000000002,0.89230291024525288,0.83688386401107329,FALSE,0,FALSE,FALSE,0.34000000000484676,-0.49688386400622653,FALSE,FALSE,,0.34000000000484676
E4_PERSISTENT,50.0,NORMAL,No Local Breaker,0.90000000000000002,0.90000000000000013,0.90000000000000002,0.89230291024525288,0.83688386401107329,FALSE,0,FALSE,FALSE,0.38331154809306339,-0.45357231591800989,FALSE,FALSE,,0.38331154809306339
E4_PERSISTENT,51.0,NORMAL,Proposed Dual-Condition Breaker,0.90000000000000002,0.90000000000000013,0.90000000000000002,0.89368838640110737,0.84824476848908015,FALSE,0,FALSE,FALSE,0.34000000000484676,-0.50824476848423339,FALSE,FALSE,,0.34000000000484676
E4_PERSISTENT,51.0,NORMAL,History-only Breaker,0.90000000000000002,0.90000000000000013,0.90000000000000002,0.89368838640110737,0.84824476848908015,FALSE,0,FALSE,FALSE,0.34000000000484676,-0.50824476848423339,FALSE,FALSE,,0.34000000000484676
E4_PERSISTENT,51.0,NORMAL,No Local Breaker,0.90000000000000002,0.90000000000000013,0.90000000000000002,0.89368838640110737,0.84824476848908015,FALSE,0,FALSE,FALSE,0.38331154809306339,-0.46493322039601676,FALSE,FALSE,,0.38331154809306339
E4_PERSISTENT,52.0,NORMAL,Proposed Dual-Condition Breaker,0.90000000000000002,0.90000000000000013,0.90000000000000002,0.89482447684890809,0.85756071016104574,FALSE,0,FALSE,FALSE,0.34000000000484676,-0.51756071015619898,FALSE,FALSE,,0.34000000000484676
E4_PERSISTENT,52.0,NORMAL,History-only Breaker,0.90000000000000002,0.90000000000000013,0.90000000000000002,0.89482447684890809,0.85756071016104574,FALSE,0,FALSE,FALSE,0.34000000000484676,-0.51756071015619898,FALSE,FALSE,,0.34000000000484676
E4_PERSISTENT,52.0,NORMAL,No Local Breaker,0.90000000000000002,0.90000000000000013,0.90000000000000002,0.89482447684890809,0.85756071016104574,FALSE,0,FALSE,FALSE,0.38331154809306339,-0.47424916206798234,FALSE,FALSE,,0.38331154809306339
E4_PERSISTENT,53.0,NORMAL,Proposed Dual-Condition Breaker,0.90000000000000002,0.90000000000000013,0.90000000000000002,0.89575607101610466,0.86519978233205752,FALSE,0,FALSE,FALSE,0.34000000000484676,-0.52519978232721076,FALSE,FALSE,,0.34000000000484676
E4_PERSISTENT,53.0,NORMAL,History-only Breaker,0.90000000000000002,0.90000000000000013,0.90000000000000002,0.89575607101610466,0.86519978233205752,FALSE,0,FALSE,FALSE,0.34000000000484676,-0.52519978232721076,FALSE,FALSE,,0.34000000000484676
E4_PERSISTENT,53.0,NORMAL,No Local Breaker,0.90000000000000002,0.90000000000000013,0.90000000000000002,0.89575607101610466,0.86519978233205752,FALSE,0,FALSE,FALSE,0.38331154809306339,-0.48188823423899413,FALSE,FALSE,,0.38331154809306339
E4_PERSISTENT,54.0,NORMAL,Proposed Dual-Condition Breaker,0.90000000000000002,0.90000000000000013,0.90000000000000002,0.89651997823320584,0.87146382151228718,FALSE,0,FALSE,FALSE,0.34000000000484676,-0.53146382150744043,FALSE,FALSE,,0.34000000000484676
E4_PERSISTENT,54.0,NORMAL,History-only Breaker,0.90000000000000002,0.90000000000000013,0.90000000000000002,0.89651997823320584,0.87146382151228718,FALSE,0,FALSE,FALSE,0.34000000000484676,-0.53146382150744043,FALSE,FALSE,,0.34000000000484676
E4_PERSISTENT,54.0,NORMAL,No Local Breaker,0.90000000000000002,0.90000000000000013,0.90000000000000002,0.89651997823320584,0.87146382151228718,FALSE,0,FALSE,FALSE,0.38331154809306339,-0.48815227341922379,FALSE,FALSE,,0.38331154809306339
E4_PERSISTENT,55.0,NORMAL,Proposed Dual-Condition Breaker,0.90000000000000002,0.90000000000000013,0.90000000000000002,0.89714638215122877,0.87660033364007550,FALSE,0,FALSE,FALSE,0.34000000000484676,-0.53660033363522874,FALSE,FALSE,,0.34000000000484676
E4_PERSISTENT,55.0,NORMAL,History-only Breaker,0.90000000000000002,0.90000000000000013,0.90000000000000002,0.89714638215122877,0.87660033364007550,FALSE,0,FALSE,FALSE,0.34000000000484676,-0.53660033363522874,FALSE,FALSE,,0.34000000000484676
E4_PERSISTENT,55.0,NORMAL,No Local Breaker,0.90000000000000002,0.90000000000000013,0.90000000000000002,0.89714638215122877,0.87660033364007550,FALSE,0,FALSE,FALSE,0.38331154809306339,-0.49328878554701211,FALSE,FALSE,,0.38331154809306339
E4_PERSISTENT,56.0,NORMAL,Proposed Dual-Condition Breaker,0.90000000000000002,0.90000000000000013,0.90000000000000002,0.89766003336400757,0.88081227358486192,FALSE,0,FALSE,FALSE,0.34000000000484676,-0.54081227358001516,FALSE,FALSE,,0.34000000000484676
E4_PERSISTENT,56.0,NORMAL,History-only Breaker,0.90000000000000002,0.90000000000000013,0.90000000000000002,0.89766003336400757,0.88081227358486192,FALSE,0,FALSE,FALSE,0.34000000000484676,-0.54081227358001516,FALSE,FALSE,,0.34000000000484676
E4_PERSISTENT,56.0,NORMAL,No Local Breaker,0.90000000000000002,0.90000000000000013,0.90000000000000002,0.89766003336400757,0.88081227358486192,FALSE,0,FALSE,FALSE,0.38331154809306339,-0.49750072549179852,FALSE,FALSE,,0.38331154809306339
E4_PERSISTENT,57.0,NORMAL,Proposed Dual-Condition Breaker,0.90000000000000002,0.90000000000000013,0.90000000000000002,0.89808122735848628,0.88426606433958677,FALSE,0,FALSE,FALSE,0.34000000000484676,-0.54426606433474001,FALSE,FALSE,,0.34000000000484676
E4_PERSISTENT,57.0,NORMAL,History-only Breaker,0.90000000000000002,0.90000000000000013,0.90000000000000002,0.89808122735848628,0.88426606433958677,FALSE,0,FALSE,FALSE,0.34000000000484676,-0.54426606433474001,FALSE,FALSE,,0.34000000000484676
E4_PERSISTENT,57.0,NORMAL,No Local Breaker,0.90000000000000002,0.90000000000000013,0.90000000000000002,0.89808122735848628,0.88426606433958677,FALSE,0,FALSE,FALSE,0.38331154809306339,-0.50095451624652343,FALSE,FALSE,,0.38331154809306339
E4_PERSISTENT,58.0,NORMAL,Proposed Dual-Condition Breaker,0.90000000000000002,0.90000000000000013,0.90000000000000002,0.89842660643395877,0.88709817275846115,FALSE,0,FALSE,FALSE,0.34000000000484676,-0.54709817275361439,FALSE,FALSE,,0.34000000000484676
E4_PERSISTENT,58.0,NORMAL,History-only Breaker,0.90000000000000002,0.90000000000000013,0.90000000000000002,0.89842660643395877,0.88709817275846115,FALSE,0,FALSE,FALSE,0.34000000000484676,-0.54709817275361439,FALSE,FALSE,,0.34000000000484676
E4_PERSISTENT,58.0,NORMAL,No Local Breaker,0.90000000000000002,0.90000000000000013,0.90000000000000002,0.89842660643395877,0.88709817275846115,FALSE,0,FALSE,FALSE,0.38331154809306339,-0.50378662466539770,FALSE,FALSE,,0.38331154809306339
E4_PERSISTENT,59.0,NORMAL,Proposed Dual-Condition Breaker,0.90000000000000002,0.90000000000000013,0.90000000000000002,0.89870981727584620,0.88942050166193820,FALSE,0,FALSE,FALSE,0.34000000000484676,-0.54942050165709144,FALSE,FALSE,,0.34000000000484676
E4_PERSISTENT,59.0,NORMAL,History-only Breaker,0.90000000000000002,0.90000000000000013,0.90000000000000002,0.89870981727584620,0.88942050166193820,FALSE,0,FALSE,FALSE,0.34000000000484676,-0.54942050165709144,FALSE,FALSE,,0.34000000000484676
E4_PERSISTENT,59.0,NORMAL,No Local Breaker,0.90000000000000002,0.90000000000000013,0.90000000000000002,0.89870981727584620,0.88942050166193820,FALSE,0,FALSE,FALSE,0.38331154809306339,-0.50610895356887475,FALSE,FALSE,,0.38331154809306339
