case_id,time_s,method,target_uav_id,window_start_exclusive,window_end_inclusive,eligible_event_ids,window_report_event_count,distinct_vehicle_ids,distinct_vehicle_count,k_cor,threshold_met,verification_status,core_gcs_verified,frozen_escalation_enabled,effective_authorization
E5_VERIFIED,0.0,Proposed Two-Gate Authorization,uA,-5.0,0.0,,0,,0,3,FALSE,NOT_EVALUATED,FALSE,FALSE,FALSE
E5_VERIFIED,0.0,Corroboration-Only Authorization (No GCS Gate),uA,-5.0,0.0,,0,,0,3,FALSE,NOT_EVALUATED,FALSE,FALSE,FALSE
E5_VERIFIED,1.0,Proposed Two-Gate Authorization,uA,-4.0,1.0,,0,,0,3,FALSE,NOT_EVALUATED,FALSE,FALSE,FALSE
E5_VERIFIED,1.0,Corroboration-Only Authorization (No GCS Gate),uA,-4.0,1.0,,0,,0,3,FALSE,NOT_EVALUATED,FALSE,FALSE,FALSE
E5_VERIFIED,2.0,Proposed Two-Gate Authorization,uA,-3.0,2.0,,0,,0,3,FALSE,NOT_EVALUATED,FALSE,FALSE,FALSE
E5_VERIFIED,2.0,Corroboration-Only Authorization (No GCS Gate),uA,-3.0,2.0,,0,,0,3,FALSE,NOT_EVALUATED,FALSE,FALSE,FALSE
E5_VERIFIED,3.0,Proposed Two-Gate Authorization,uA,-2.0,3.0,,0,,0,3,FALSE,NOT_EVALUATED,FALSE,FALSE,FALSE
E5_VERIFIED,3.0,Corroboration-Only Authorization (No GCS Gate),uA,-2.0,3.0,,0,,0,3,FALSE,NOT_EVALUATED,FALSE,FALSE,FALSE
E5_VERIFIED,4.0,Proposed Two-Gate Authorization,uA,-1.0,4.0,,0,,0,3,FALSE,NOT_EVALUATED,FALSE,FALSE,FALSE
E5_VERIFIED,4.0,Corroboration-Only Authorization (No GCS Gate),uA,-1.0,4.0,,0,,0,3,FALSE,NOT_EVALUATED,FALSE,FALSE,FALSE
E5_VERIFIED,5.0,Proposed Two-Gate Authorization,uA,0.0,5.0,,0,,0,3,FALSE,NOT_EVALUATED,FALSE,FALSE,FALSE
E5_VERIFIED,5.0,Corroboration-Only Authorization (No GCS Gate),uA,0.0,5.0,,0,,0,3,FALSE,NOT_EVALUATED,FALSE,FALSE,FALSE
E5_VERIFIED,6.0,Proposed Two-Gate Authorization,uA,1.0,6.0,,0,,0,3,FALSE,NOT_EVALUATED,FALSE,FALSE,FALSE
E5_VERIFIED,6.0,Corroboration-Only Authorization (No GCS Gate),uA,1.0,6.0,,0,,0,3,FALSE,NOT_EVALUATED,FALSE,FALSE,FALSE
E5_VERIFIED,7.0,Proposed Two-Gate Authorization,uA,2.0,7.0,,0,,0,3,FALSE,NOT_EVALUATED,FALSE,FALSE,FALSE
E5_VERIFIED,7.0,Corroboration-Only Authorization (No GCS Gate),uA,2.0,7.0,,0,,0,3,FALSE,NOT_EVALUATED,FALSE,FALSE,FALSE
E5_VERIFIED,8.0,Proposed Two-Gate Authorization,uA,3.0,8.0,,0,,0,3,FALSE,NOT_EVALUATED,FALSE,FALSE,FALSE
E5_VERIFIED,8.0,Corroboration-Only Authorization (No GCS Gate),uA,3.0,8.0,,0,,0,3,FALSE,NOT_EVALUATED,FALSE,FALSE,FALSE
E5_VERIFIED,9.0,Proposed Two-Gate Authorization,uA,4.0,9.0,,0,,0,3,FALSE,NOT_EVALUATED,FALSE,FALSE,FALSE
E5_VERIFIED,9.0,Corroboration-Only Authorization (No GCS Gate),uA,4.0,9.0,,0,,0,3,FALSE,NOT_EVALUATED,FALSE,FALSE,FALSE
E5_VERIFIED,10.0,Proposed Two-Gate Authorization,uA,5.0,10.0,R1,1,v1,1,3,FALSE,NOT_EVALUATED,FALSE,FALSE,FALSE
E5_VERIFIED,10.0,Corroboration-Only Authorization (No GCS Gate),uA,5.0,10.0,R1,1,v1,1,3,FALSE,NOT_EVALUATED,FALSE,FALSE,FALSE
E5_VERIFIED,11.0,Proposed Two-Gate Authorization,uA,6.0,11.0,R1|R2,2,v1,1,3,FALSE,NOT_EVALUATED,FALSE,FALSE,FALSE
E5_VERIFIED,11.0,Corroboration-Only Authorization (No GCS Gate),uA,6.0,11.0,R1|R2,2,v1,1,3,FALSE,NOT_EVALUATED,FALSE,FALSE,FALSE
E5_VERIFIED,12.0,Proposed Two-Gate Authorization,uA,7.0,12.0,R1|R2|R3,3,v1,1,3,FALSE,NOT_EVALUATED,FALSE,FALSE,FALSE
E5_VERIFIED,12.0,Corroboration-Only Authorization (No GCS Gate),uA,7.0,12.0,R1|R2|R3,3,v1,1,3,FALSE,NOT_EVALUATED,FALSE,FALSE,FALSE
E5_VERIFIED,13.0,Proposed Two-Gate Authorization,uA,8.0,13.0,R1|R2|R3|R4,4,v1|v2,2,3,FALSE,NOT_EVALUATED,FALSE,FALSE,FALSE
E5_VERIFIED,13.0,Corroboration-Only Authorization (No GCS Gate),uA,8.0,13.0,R1|R2|R3|R4,4,v1|v2,2,3,FALSE,NOT_EVALUATED,FALSE,FALSE,FALSE
E5_VERIFIED,14.0,Proposed Two-Gate Authorization,uA,9.0,14.0,R1|R2|R3|R4|R5,5,v1|v2|v3,3,3,TRUE,VERIFIED,TRUE,TRUE,TRUE
E5_VERIFIED,14.0,Corroboration-Only Authorization (No GCS Gate),uA,9.0,14.0,R1|R2|R3|R4|R5,5,v1|v2|v3,3,3,TRUE,VERIFIED,TRUE,TRUE,TRUE
E5_VERIFIED,15.0,Proposed Two-Gate Authorization,uA,10.0,15.0,R2|R3|R4|R5,4,v1|v2|v3,3,3,TRUE,VERIFIED,TRUE,TRUE,TRUE
E5_VERIFIED,15.0,Corroboration-Only Authorization (No GCS Gate),uA,10.0,15.0,R2|R3|R4|R5,4,v1|v2|v3,3,3,TRUE,VERIFIED,TRUE,TRUE,TRUE
E5_VERIFIED,16.0,Proposed Two-Gate Authorization,uA,11.0,16.0,R3|R4|R5,3,v1|v2|v3,3,3,TRUE,VERIFIED,TRUE,TRUE,TRUE
E5_VERIFIED,16.0,Corroboration-Only Authorization (No GCS Gate),uA,11.0,16.0,R3|R4|R5,3,v1|v2|v3,3,3,TRUE,VERIFIED,TRUE,TRUE,TRUE
E5_VERIFIED,17.0,Proposed Two-Gate Authorization,uA,12.0,17.0,R4|R5,2,v2|v3,2,3,FALSE,NOT_EVALUATED,FALSE,FALSE,FALSE
E5_VERIFIED,17.0,Corroboration-Only Authorization (No GCS Gate),uA,12.0,17.0,R4|R5,2,v2|v3,2,3,FALSE,NOT_EVALUATED,FALSE,FALSE,FALSE
E5_VERIFIED,18.0,Proposed Two-Gate Authorization,uA,13.0,18.0,R5,1,v3,1,3,FALSE,NOT_EVALUATED,FALSE,FALSE,FALSE
E5_VERIFIED,18.0,Corroboration-Only Authorization (No GCS Gate),uA,13.0,18.0,R5,1,v3,1,3,FALSE,NOT_EVALUATED,FALSE,FALSE,FALSE
E5_VERIFIED,19.0,Proposed Two-Gate Authorization,uA,14.0,19.0,,0,,0,3,FALSE,NOT_EVALUATED,FALSE,FALSE,FALSE
E5_VERIFIED,19.0,Corroboration-Only Authorization (No GCS Gate),uA,14.0,19.0,,0,,0,3,FALSE,NOT_EVALUATED,FALSE,FALSE,FALSE
E5_VERIFIED,20.0,Proposed Two-Gate Authorization,uA,15.0,20.0,,0,,0,3,FALSE,NOT_EVALUATED,FALSE,FALSE,FALSE
E5_VERIFIED,20.0,Corroboration-Only Authorization (No GCS Gate),uA,15.0,20.0,,0,,0,3,FALSE,NOT_EVALUATED,FALSE,FALSE,FALSE
E5_VERIFIED,21.0,Proposed Two-Gate Authorization,uA,16.0,21.0,,0,,0,3,FALSE,NOT_EVALUATED,FALSE,FALSE,FALSE
E5_VERIFIED,21.0,Corroboration-Only Authorization (No GCS Gate),uA,16.0,21.0,,0,,0,3,FALSE,NOT_EVALUATED,FALSE,FALSE,FALSE
E5_VERIFIED,22.0,Proposed Two-Gate Authorization,uA,17.0,22.0,,0,,0,3,FALSE,NOT_EVALUATED,FALSE,FALSE,FALSE
E5_VERIFIED,22.0,Corroboration-Only Authorization (No GCS Gate),uA,17.0,22.0,,0,,0,3,FALSE,NOT_EVALUATED,FALSE,FALSE,FALSE
E5_VERIFIED,23.0,Proposed Two-Gate Authorization,uA,18.0,23.0,,0,,0,3,FALSE,NOT_EVALUATED,FALSE,FALSE,FALSE
E5_VERIFIED,23.0,Corroboration-Only Authorization (No GCS Gate),uA,18.0,23.0,,0,,0,3,FALSE,NOT_EVALUATED,FALSE,FALSE,FALSE
E5_VERIFIED,24.0,Proposed Two-Gate Authorization,uA,19.0,24.0,,0,,0,3,FALSE,NOT_EVALUATED,FALSE,FALSE,FALSE
E5_VERIFIED,24.0,Corroboration-Only Authorization (No GCS Gate),uA,19.0,24.0,,0,,0,3,FALSE,NOT_EVALUATED,FALSE,FALSE,FALSE
E5_VERIFIED,25.0,Proposed Two-Gate Authorization,uA,20.0,25.0,,0,,0,3,FALSE,NOT_EVALUATED,FALSE,FALSE,FALSE
E5_VERIFIED,25.0,Corroboration-Only Authorization (No GCS Gate),uA,20.0,25.0,,0,,0,3,FALSE,NOT_EVALUATED,FALSE,FALSE,FALSE
E5_VERIFIED,26.0,Proposed Two-Gate Authorization,uA,21.0,26.0,,0,,0,3,FALSE,NOT_EVALUATED,FALSE,FALSE,FALSE
E5_VERIFIED,26.0,Corroboration-Only Authorization (No GCS Gate),uA,21.0,26.0,,0,,0,3,FALSE,NOT_EVALUATED,FALSE,FALSE,FALSE
E5_VERIFIED,27.0,Proposed Two-Gate Authorization,uA,22.0,27.0,,0,,0,3,FALSE,NOT_EVALUATED,FALSE,FALSE,FALSE
E5_VERIFIED,27.0,Corroboration-Only Authorization (No GCS Gate),uA,22.0,27.0,,0,,0,3,FALSE,NOT_EVALUATED,FALSE,FALSE,FALSE
E5_VERIFIED,28.0,Proposed Two-Gate Authorization,uA,23.0,28.0,,0,,0,3,FALSE,NOT_EVALUATED,FALSE,FALSE,FALSE
E5_VERIFIED,28.0,Corroboration-Only Authorization (No GCS Gate),uA,23.0,28.0,,0,,0,3,FALSE,NOT_EVALUATED,FALSE,FALSE,FALSE
E5_VERIFIED,29.0,Proposed Two-Gate Authorization,uA,24.0,29.0,,0,,0,3,FALSE,NOT_EVALUATED,FALSE,FALSE,FALSE
E5_VERIFIED,29.0,Corroboration-Only Authorization (No GCS Gate),uA,24.0,29.0,,0,,0,3,FALSE,NOT_EVALUATED,FALSE,FALSE,FALSE
E5_VERIFIED,30.0,Proposed Two-Gate Authorization,uA,25.0,30.0,,0,,0,3,FALSE,NOT_EVALUATED,FALSE,FALSE,FALSE
E5_VERIFIED,30.0,Corroboration-Only Authorization (No GCS Gate),uA,25.0,30.0,,0,,0,3,FALSE,NOT_EVALUATED,FALSE,FALSE,FALSE
E5_VERIFIED,31.0,Proposed Two-Gate Authorization,uA,26.0,31.0,,0,,0,3,FALSE,NOT_EVALUATED,FALSE,FALSE,FALSE
E5_VERIFIED,31.0,Corroboration-Only Authorization (No GCS Gate),uA,26.0,31.0,,0,,0,3,FALSE,NOT_EVALUATED,FALSE,FALSE,FALSE
E5_VERIFIED,32.0,Proposed Two-Gate Authorization,uA,27.0,32.0,,0,,0,3,FALSE,NOT_EVALUATED,FALSE,FALSE,FALSE
E5_VERIFIED,32.0,Corroboration-Only Authorization (No GCS Gate),uA,27.0,32.0,,0,,0,3,FALSE,NOT_EVALUATED,FALSE,FALSE,FALSE
E5_VERIFIED,33.0,Proposed Two-Gate Authorization,uA,28.0,33.0,,0,,0,3,FALSE,NOT_EVALUATED,FALSE,FALSE,FALSE
E5_VERIFIED,33.0,Corroboration-Only Authorization (No GCS Gate),uA,28.0,33.0,,0,,0,3,FALSE,NOT_EVALUATED,FALSE,FALSE,FALSE
E5_VERIFIED,34.0,Proposed Two-Gate Authorization,uA,29.0,34.0,,0,,0,3,FALSE,NOT_EVALUATED,FALSE,FALSE,FALSE
E5_VERIFIED,34.0,Corroboration-Only Authorization (No GCS Gate),uA,29.0,34.0,,0,,0,3,FALSE,NOT_EVALUATED,FALSE,FALSE,FALSE
E5_VERIFIED,35.0,Proposed Two-Gate Authorization,uA,30.0,35.0,,0,,0,3,FALSE,NOT_EVALUATED,FALSE,FALSE,FALSE
E5_VERIFIED,35.0,Corroboration-Only Authorization (No GCS Gate),uA,30.0,35.0,,0,,0,3,FALSE,NOT_EVALUATED,FALSE,FALSE,FALSE
E5_VERIFIED,36.0,Proposed Two-Gate Authorization,uA,31.0,36.0,,0,,0,3,FALSE,NOT_EVALUATED,FALSE,FALSE,FALSE
E5_VERIFIED,36.0,Corroboration-Only Authorization (No GCS Gate),uA,31.0,36.0,,0,,0,3,FALSE,NOT_EVALUATED,FALSE,FALSE,FALSE
E5_VERIFIED,37.0,Proposed Two-Gate Authorization,uA,32.0,37.0,,0,,0,3,FALSE,NOT_EVALUATED,FALSE,FALSE,FALSE
E5_VERIFIED,37.0,Corroboration-Only Authorization (No GCS Gate),uA,32.0,37.0,,0,,0,3,FALSE,NOT_EVALUATED,FALSE,FALSE,FALSE
E5_VERIFIED,38.0,Proposed Two-Gate Authorization,uA,33.0,38.0,,0,,0,3,FALSE,NOT_EVALUATED,FALSE,FALSE,FALSE
E5_VERIFIED,38.0,Corroboration-Only Authorization (No GCS Gate),uA,33.0,38.0,,0,,0,3,FALSE,NOT_EVALUATED,FALSE,FALSE,FALSE
E5_VERIFIED,39.0,Proposed Two-Gate Authorization,uA,34.0,39.0,,0,,0,3,FALSE,NOT_EVALUATED,FALSE,FALSE,FALSE
E5_VERIFIED,39.0,Corroboration-Only Authorization (No GCS Gate),uA,34.0,39.0,,0,,0,3,FALSE,NOT_EVALUATED,FALSE,FALSE,FALSE
E5_VERIFIED,40.0,Proposed Two-Gate Authorization,uA,35.0,40.0,,0,,0,3,FALSE,NOT_EVALUATED,FALSE,FALSE,FALSE
E5_VERIFIED,40.0,Corroboration-Only Authorization (No GCS Gate),uA,35.0,40.0,,0,,0,3,FALSE,NOT_EVALUATED,FALSE,FALSE,FALSE
E5_VERIFIED,41.0,Proposed Two-Gate Authorization,uA,36.0,41.0,,0,,0,3,FALSE,NOT_EVALUATED,FALSE,FALSE,FALSE
E5_VERIFIED,41.0,Corroboration-Only Authorization (No GCS Gate),uA,36.0,41.0,,0,,0,3,FALSE,NOT_EVALUATED,FALSE,FALSE,FALSE
E5_VERIFIED,42.0,Proposed Two-Gate Authorization,uA,37.0,42.0,,0,,0,3,FALSE,NOT_EVALUATED,FALSE,FALSE,FALSE
E5_VERIFIED,42.0,Corroboration-Only Authorization (No GCS Gate),uA,37.0,42.0,,0,,0,3,FALSE,NOT_EVALUATED,FALSE,FALSE,FALSE
E5_VERIFIED,43.0,Proposed Two-Gate Authorization,uA,38.0,43.0,,0,,0,3,FALSE,NOT_EVALUATED,FALSE,FALSE,FALSE
E5_VERIFIED,43.0,Corroboration-Only Authorization (No GCS Gate),uA,38.0,43.0,,0,,0,3,FALSE,NOT_EVALUATED,FALSE,FALSE,FALSE
E5_VERIFIED,44.0,Proposed Two-Gate Authorization,uA,39.0,44.0,,0,,0,3,FALSE,NOT_EVALUATED,FALSE,FALSE,FALSE
E5_VERIFIED,44.0,Corroboration-Only Authorization (No GCS Gate),uA,39.0,44.0,,0,,0,3,FALSE,NOT_EVALUATED,FALSE,FALSE,FALSE
E5_VERIFIED,45.0,Proposed Two-Gate Authorization,uA,40.0,45.0,,0,,0,3,FALSE,NOT_EVALUATED,FALSE,FALSE,FALSE
E5_VERIFIED,45.0,Corroboration-Only Authorization (No GCS Gate),uA,40.0,45.0,,0,,0,3,FALSE,NOT_EVALUATED,FALSE,FALSE,FALSE
E5_VERIFIED,46.0,Proposed Two-Gate Authorization,uA,41.0,46.0,,0,,0,3,FALSE,NOT_EVALUATED,FALSE,FALSE,FALSE
E5_VERIFIED,46.0,Corroboration-Only Authorization (No GCS Gate),uA,41.0,46.0,,0,,0,3,FALSE,NOT_EVALUATED,FALSE,FALSE,FALSE
E5_VERIFIED,47.0,Proposed Two-Gate Authorization,uA,42.0,47.0,,0,,0,3,FALSE,NOT_EVALUATED,FALSE,FALSE,FALSE
E5_VERIFIED,47.0,Corroboration-Only Authorization (No GCS Gate),uA,42.0,47.0,,0,,0,3,FALSE,NOT_EVALUATED,FALSE,FALSE,FALSE
E5_VERIFIED,48.0,Proposed Two-Gate Authorization,uA,43.0,48.0,,0,,0,3,FALSE,NOT_EVALUATED,FALSE,FALSE,FALSE
E5_VERIFIED,48.0,Corroboration-Only Authorization (No GCS Gate),uA,43.0,48.0,,0,,0,3,FALSE,NOT_EVALUATED,FALSE,FALSE,FALSE
E5_VERIFIED,49.0,Proposed Two-Gate Authorization,uA,44.0,49.0,,0,,0,3,FALSE,NOT_EVALUATED,FALSE,FALSE,FALSE
E5_VERIFIED,49.0,Corroboration-Only Authorization (No GCS Gate),uA,44.0,49.0,,0,,0,3,FALSE,NOT_EVALUATED,FALSE,FALSE,FALSE
E5_VERIFIED,50.0,Proposed Two-Gate Authorization,uA,45.0,50.0,,0,,0,3,FALSE,NOT_EVALUATED,FALSE,FALSE,FALSE
E5_VERIFIED,50.0,Corroboration-Only Authorization (No GCS Gate),uA,45.0,50.0,,0,,0,3,FALSE,NOT_EVALUATED,FALSE,FALSE,FALSE
E5_VERIFIED,51.0,Proposed Two-Gate Authorization,uA,46.0,51.0,,0,,0,3,FALSE,NOT_EVALUATED,FALSE,FALSE,FALSE
E5_VERIFIED,51.0,Corroboration-Only Authorization (No GCS Gate),uA,46.0,51.0,,0,,0,3,FALSE,NOT_EVALUATED,FALSE,FALSE,FALSE
E5_VERIFIED,52.0,Proposed Two-Gate Authorization,uA,47.0,52.0,,0,,0,3,FALSE,NOT_EVALUATED,FALSE,FALSE,FALSE
E5_VERIFIED,52.0,Corroboration-Only Authorization (No GCS Gate),uA,47.0,52.0,,0,,0,3,FALSE,NOT_EVALUATED,FALSE,FALSE,FALSE
E5_VERIFIED,53.0,Proposed Two-Gate Authorization,uA,48.0,53.0,,0,,0,3,FALSE,NOT_EVALUATED,FALSE,FALSE,FALSE
E5_VERIFIED,53.0,Corroboration-Only Authorization (No GCS Gate),uA,48.0,53.0,,0,,0,3,FALSE,NOT_EVALUATED,FALSE,FALSE,FALSE
E5_VERIFIED,54.0,Proposed Two-Gate Authorization,uA,49.0,54.0,,0,,0,3,FALSE,NOT_EVALUATED,FALSE,FALSE,FALSE
E5_VERIFIED,54.0,Corroboration-Only Authorization (No GCS Gate),uA,49.0,54.0,,0,,0,3,FALSE,NOT_EVALUATED,FALSE,FALSE,FALSE
E5_VERIFIED,55.0,Proposed Two-Gate Authorization,uA,50.0,55.0,,0,,0,3,FALSE,NOT_EVALUATED,FALSE,FALSE,FALSE
E5_VERIFIED,55.0,Corroboration-Only Authorization (No GCS Gate),uA,50.0,55.0,,0,,0,3,FALSE,NOT_EVALUATED,FALSE,FALSE,FALSE
E5_VERIFIED,56.0,Proposed Two-Gate Authorization,uA,51.0,56.0,,0,,0,3,FALSE,NOT_EVALUATED,FALSE,FALSE,FALSE
E5_VERIFIED,56.0,Corroboration-Only Authorization (No GCS Gate),uA,51.0,56.0,,0,,0,3,FALSE,NOT_EVALUATED,FALSE,FALSE,FALSE
E5_VERIFIED,57.0,Proposed Two-Gate Authorization,uA,52.0,57.0,,0,,0,3,FALSE,NOT_EVALUATED,FALSE,FALSE,FALSE
E5_VERIFIED,57.0,Corroboration-Only Authorization (No GCS Gate),uA,52.0,57.0,,0,,0,3,FALSE,NOT_EVALUATED,FALSE,FALSE,FALSE
E5_VERIFIED,58.0,Proposed Two-Gate Authorization,uA,53.0,58.0,,0,,0,3,FALSE,NOT_EVALUATED,FALSE,FALSE,FALSE
E5_VERIFIED,58.0,Corroboration-Only Authorization (No GCS Gate),uA,53.0,58.0,,0,,0,3,FALSE,NOT_EVALUATED,FALSE,FALSE,FALSE
E5_VERIFIED,59.0,Proposed Two-Gate Authorization,uA,54.0,59.0,,0,,0,3,FALSE,NOT_EVALUATED,FALSE,FALSE,FALSE
E5_VERIFIED,59.0,Corroboration-Only Authorization (No GCS Gate),uA,54.0,59.0,,0,,0,3,FALSE,NOT_EVALUATED,FALSE,FALSE,FALSE
E5_REJECTED,0.0,Proposed Two-Gate Authorization,uA,-5.0,0.0,,0,,0,3,FALSE,NOT_EVALUATED,FALSE,FALSE,FALSE
E5_REJECTED,0.0,Corroboration-Only Authorization (No GCS Gate),uA,-5.0,0.0,,0,,0,3,FALSE,NOT_EVALUATED,FALSE,FALSE,FALSE
E5_REJECTED,1.0,Proposed Two-Gate Authorization,uA,-4.0,1.0,,0,,0,3,FALSE,NOT_EVALUATED,FALSE,FALSE,FALSE
E5_REJECTED,1.0,Corroboration-Only Authorization (No GCS Gate),uA,-4.0,1.0,,0,,0,3,FALSE,NOT_EVALUATED,FALSE,FALSE,FALSE
E5_REJECTED,2.0,Proposed Two-Gate Authorization,uA,-3.0,2.0,,0,,0,3,FALSE,NOT_EVALUATED,FALSE,FALSE,FALSE
E5_REJECTED,2.0,Corroboration-Only Authorization (No GCS Gate),uA,-3.0,2.0,,0,,0,3,FALSE,NOT_EVALUATED,FALSE,FALSE,FALSE
E5_REJECTED,3.0,Proposed Two-Gate Authorization,uA,-2.0,3.0,,0,,0,3,FALSE,NOT_EVALUATED,FALSE,FALSE,FALSE
E5_REJECTED,3.0,Corroboration-Only Authorization (No GCS Gate),uA,-2.0,3.0,,0,,0,3,FALSE,NOT_EVALUATED,FALSE,FALSE,FALSE
E5_REJECTED,4.0,Proposed Two-Gate Authorization,uA,-1.0,4.0,,0,,0,3,FALSE,NOT_EVALUATED,FALSE,FALSE,FALSE
E5_REJECTED,4.0,Corroboration-Only Authorization (No GCS Gate),uA,-1.0,4.0,,0,,0,3,FALSE,NOT_EVALUATED,FALSE,FALSE,FALSE
E5_REJECTED,5.0,Proposed Two-Gate Authorization,uA,0.0,5.0,,0,,0,3,FALSE,NOT_EVALUATED,FALSE,FALSE,FALSE
E5_REJECTED,5.0,Corroboration-Only Authorization (No GCS Gate),uA,0.0,5.0,,0,,0,3,FALSE,NOT_EVALUATED,FALSE,FALSE,FALSE
E5_REJECTED,6.0,Proposed Two-Gate Authorization,uA,1.0,6.0,,0,,0,3,FALSE,NOT_EVALUATED,FALSE,FALSE,FALSE
E5_REJECTED,6.0,Corroboration-Only Authorization (No GCS Gate),uA,1.0,6.0,,0,,0,3,FALSE,NOT_EVALUATED,FALSE,FALSE,FALSE
E5_REJECTED,7.0,Proposed Two-Gate Authorization,uA,2.0,7.0,,0,,0,3,FALSE,NOT_EVALUATED,FALSE,FALSE,FALSE
E5_REJECTED,7.0,Corroboration-Only Authorization (No GCS Gate),uA,2.0,7.0,,0,,0,3,FALSE,NOT_EVALUATED,FALSE,FALSE,FALSE
E5_REJECTED,8.0,Proposed Two-Gate Authorization,uA,3.0,8.0,,0,,0,3,FALSE,NOT_EVALUATED,FALSE,FALSE,FALSE
E5_REJECTED,8.0,Corroboration-Only Authorization (No GCS Gate),uA,3.0,8.0,,0,,0,3,FALSE,NOT_EVALUATED,FALSE,FALSE,FALSE
E5_REJECTED,9.0,Proposed Two-Gate Authorization,uA,4.0,9.0,,0,,0,3,FALSE,NOT_EVALUATED,FALSE,FALSE,FALSE
E5_REJECTED,9.0,Corroboration-Only Authorization (No GCS Gate),uA,4.0,9.0,,0,,0,3,FALSE,NOT_EVALUATED,FALSE,FALSE,FALSE
E5_REJECTED,10.0,Proposed Two-Gate Authorization,uA,5.0,10.0,R1,1,v1,1,3,FALSE,NOT_EVALUATED,FALSE,FALSE,FALSE
E5_REJECTED,10.0,Corroboration-Only Authorization (No GCS Gate),uA,5.0,10.0,R1,1,v1,1,3,FALSE,NOT_EVALUATED,FALSE,FALSE,FALSE
E5_REJECTED,11.0,Proposed Two-Gate Authorization,uA,6.0,11.0,R1|R2,2,v1,1,3,FALSE,NOT_EVALUATED,FALSE,FALSE,FALSE
E5_REJECTED,11.0,Corroboration-Only Authorization (No GCS Gate),uA,6.0,11.0,R1|R2,2,v1,1,3,FALSE,NOT_EVALUATED,FALSE,FALSE,FALSE
E5_REJECTED,12.0,Proposed Two-Gate Authorization,uA,7.0,12.0,R1|R2|R3,3,v1,1,3,FALSE,NOT_EVALUATED,FALSE,FALSE,FALSE
E5_REJECTED,12.0,Corroboration-Only Authorization (No GCS Gate),uA,7.0,12.0,R1|R2|R3,3,v1,1,3,FALSE,NOT_EVALUATED,FALSE,FALSE,FALSE
E5_REJECTED,13.0,Proposed Two-Gate Authorization,uA,8.0,13.0,R1|R2|R3|R4,4,v1|v2,2,3,FALSE,NOT_EVALUATED,FALSE,FALSE,FALSE
E5_REJECTED,13.0,Corroboration-Only Authorization (No GCS Gate),uA,8.0,13.0,R1|R2|R3|R4,4,v1|v2,2,3,FALSE,NOT_EVALUATED,FALSE,FALSE,FALSE
E5_REJECTED,14.0,Proposed Two-Gate Authorization,uA,9.0,14.0,R1|R2|R3|R4|R5,5,v1|v2|v3,3,3,TRUE,REJECTED,FALSE,FALSE,FALSE
E5_REJECTED,14.0,Corroboration-Only Authorization (No GCS Gate),uA,9.0,14.0,R1|R2|R3|R4|R5,5,v1|v2|v3,3,3,TRUE,REJECTED,FALSE,FALSE,TRUE
E5_REJECTED,15.0,Proposed Two-Gate Authorization,uA,10.0,15.0,R2|R3|R4|R5,4,v1|v2|v3,3,3,TRUE,REJECTED,FALSE,FALSE,FALSE
E5_REJECTED,15.0,Corroboration-Only Authorization (No GCS Gate),uA,10.0,15.0,R2|R3|R4|R5,4,v1|v2|v3,3,3,TRUE,REJECTED,FALSE,FALSE,TRUE
E5_REJECTED,16.0,Proposed Two-Gate Authorization,uA,11.0,16.0,R3|R4|R5,3,v1|v2|v3,3,3,TRUE,REJECTED,FALSE,FALSE,FALSE
E5_REJECTED,16.0,Corroboration-Only Authorization (No GCS Gate),uA,11.0,16.0,R3|R4|R5,3,v1|v2|v3,3,3,TRUE,REJECTED,FALSE,FALSE,TRUE
E5_REJECTED,17.0,Proposed Two-Gate Authorization,uA,12.0,17.0,R4|R5,2,v2|v3,2,3,FALSE,NOT_EVALUATED,FALSE,FALSE,FALSE
E5_REJECTED,17.0,Corroboration-Only Authorization (No GCS Gate),uA,12.0,17.0,R4|R5,2,v2|v3,2,3,FALSE,NOT_EVALUATED,FALSE,FALSE,FALSE
E5_REJECTED,18.0,Proposed Two-Gate Authorization,uA,13.0,18.0,R5,1,v3,1,3,FALSE,NOT_EVALUATED,FALSE,FALSE,FALSE
E5_REJECTED,18.0,Corroboration-Only Authorization (No GCS Gate),uA,13.0,18.0,R5,1,v3,1,3,FALSE,NOT_EVALUATED,FALSE,FALSE,FALSE
E5_REJECTED,19.0,Proposed Two-Gate Authorization,uA,14.0,19.0,,0,,0,3,FALSE,NOT_EVALUATED,FALSE,FALSE,FALSE
E5_REJECTED,19.0,Corroboration-Only Authorization (No GCS Gate),uA,14.0,19.0,,0,,0,3,FALSE,NOT_EVALUATED,FALSE,FALSE,FALSE
E5_REJECTED,20.0,Proposed Two-Gate Authorization,uA,15.0,20.0,,0,,0,3,FALSE,NOT_EVALUATED,FALSE,FALSE,FALSE
E5_REJECTED,20.0,Corroboration-Only Authorization (No GCS Gate),uA,15.0,20.0,,0,,0,3,FALSE,NOT_EVALUATED,FALSE,FALSE,FALSE
E5_REJECTED,21.0,Proposed Two-Gate Authorization,uA,16.0,21.0,,0,,0,3,FALSE,NOT_EVALUATED,FALSE,FALSE,FALSE
E5_REJECTED,21.0,Corroboration-Only Authorization (No GCS Gate),uA,16.0,21.0,,0,,0,3,FALSE,NOT_EVALUATED,FALSE,FALSE,FALSE
E5_REJECTED,22.0,Proposed Two-Gate Authorization,uA,17.0,22.0,,0,,0,3,FALSE,NOT_EVALUATED,FALSE,FALSE,FALSE
E5_REJECTED,22.0,Corroboration-Only Authorization (No GCS Gate),uA,17.0,22.0,,0,,0,3,FALSE,NOT_EVALUATED,FALSE,FALSE,FALSE
E5_REJECTED,23.0,Proposed Two-Gate Authorization,uA,18.0,23.0,,0,,0,3,FALSE,NOT_EVALUATED,FALSE,FALSE,FALSE
E5_REJECTED,23.0,Corroboration-Only Authorization (No GCS Gate),uA,18.0,23.0,,0,,0,3,FALSE,NOT_EVALUATED,FALSE,FALSE,FALSE
E5_REJECTED,24.0,Proposed Two-Gate Authorization,uA,19.0,24.0,,0,,0,3,FALSE,NOT_EVALUATED,FALSE,FALSE,FALSE
E5_REJECTED,24.0,Corroboration-Only Authorization (No GCS Gate),uA,19.0,24.0,,0,,0,3,FALSE,NOT_EVALUATED,FALSE,FALSE,FALSE
E5_REJECTED,25.0,Proposed Two-Gate Authorization,uA,20.0,25.0,,0,,0,3,FALSE,NOT_EVALUATED,FALSE,FALSE,FALSE
E5_REJECTED,25.0,Corroboration-Only Authorization (No GCS Gate),uA,20.0,25.0,,0,,0,3,FALSE,NOT_EVALUATED,FALSE,FALSE,FALSE
E5_REJECTED,26.0,Proposed Two-Gate Authorization,uA,21.0,26.0,,0,,0,3,FALSE,NOT_EVALUATED,FALSE,FALSE,FALSE
E5_REJECTED,26.0,Corroboration-Only Authorization (No GCS Gate),uA,21.0,26.0,,0,,0,3,FALSE,NOT_EVALUATED,FALSE,FALSE,FALSE
E5_REJECTED,27.0,Proposed Two-Gate Authorization,uA,22.0,27.0,,0,,0,3,FALSE,NOT_EVALUATED,FALSE,FALSE,FALSE
E5_REJECTED,27.0,Corroboration-Only Authorization (No GCS Gate),uA,22.0,27.0,,0,,0,3,FALSE,NOT_EVALUATED,FALSE,FALSE,FALSE
E5_REJECTED,28.0,Proposed Two-Gate Authorization,uA,23.0,28.0,,0,,0,3,FALSE,NOT_EVALUATED,FALSE,FALSE,FALSE
E5_REJECTED,28.0,Corroboration-Only Authorization (No GCS Gate),uA,23.0,28.0,,0,,0,3,FALSE,NOT_EVALUATED,FALSE,FALSE,FALSE
E5_REJECTED,29.0,Proposed Two-Gate Authorization,uA,24.0,29.0,,0,,0,3,FALSE,NOT_EVALUATED,FALSE,FALSE,FALSE
E5_REJECTED,29.0,Corroboration-Only Authorization (No GCS Gate),uA,24.0,29.0,,0,,0,3,FALSE,NOT_EVALUATED,FALSE,FALSE,FALSE
E5_REJECTED,30.0,Proposed Two-Gate Authorization,uA,25.0,30.0,,0,,0,3,FALSE,NOT_EVALUATED,FALSE,FALSE,FALSE
E5_REJECTED,30.0,Corroboration-Only Authorization (No GCS Gate),uA,25.0,30.0,,0,,0,3,FALSE,NOT_EVALUATED,FALSE,FALSE,FALSE
E5_REJECTED,31.0,Proposed Two-Gate Authorization,uA,26.0,31.0,,0,,0,3,FALSE,NOT_EVALUATED,FALSE,FALSE,FALSE
E5_REJECTED,31.0,Corroboration-Only Authorization (No GCS Gate),uA,26.0,31.0,,0,,0,3,FALSE,NOT_EVALUATED,FALSE,FALSE,FALSE
E5_REJECTED,32.0,Proposed Two-Gate Authorization,uA,27.0,32.0,,0,,0,3,FALSE,NOT_EVALUATED,FALSE,FALSE,FALSE
E5_REJECTED,32.0,Corroboration-Only Authorization (No GCS Gate),uA,27.0,32.0,,0,,0,3,FALSE,NOT_EVALUATED,FALSE,FALSE,FALSE
E5_REJECTED,33.0,Proposed Two-Gate Authorization,uA,28.0,33.0,,0,,0,3,FALSE,NOT_EVALUATED,FALSE,FALSE,FALSE
E5_REJECTED,33.0,Corroboration-Only Authorization (No GCS Gate),uA,28.0,33.0,,0,,0,3,FALSE,NOT_EVALUATED,FALSE,FALSE,FALSE
E5_REJECTED,34.0,Proposed Two-Gate Authorization,uA,29.0,34.0,,0,,0,3,FALSE,NOT_EVALUATED,FALSE,FALSE,FALSE
E5_REJECTED,34.0,Corroboration-Only Authorization (No GCS Gate),uA,29.0,34.0,,0,,0,3,FALSE,NOT_EVALUATED,FALSE,FALSE,FALSE
E5_REJECTED,35.0,Proposed Two-Gate Authorization,uA,30.0,35.0,,0,,0,3,FALSE,NOT_EVALUATED,FALSE,FALSE,FALSE
E5_REJECTED,35.0,Corroboration-Only Authorization (No GCS Gate),uA,30.0,35.0,,0,,0,3,FALSE,NOT_EVALUATED,FALSE,FALSE,FALSE
E5_REJECTED,36.0,Proposed Two-Gate Authorization,uA,31.0,36.0,,0,,0,3,FALSE,NOT_EVALUATED,FALSE,FALSE,FALSE
E5_REJECTED,36.0,Corroboration-Only Authorization (No GCS Gate),uA,31.0,36.0,,0,,0,3,FALSE,NOT_EVALUATED,FALSE,FALSE,FALSE
E5_REJECTED,37.0,Proposed Two-Gate Authorization,uA,32.0,37.0,,0,,0,3,FALSE,NOT_EVALUATED,FALSE,FALSE,FALSE
E5_REJECTED,37.0,Corroboration-Only Authorization (No GCS Gate),uA,32.0,37.0,,0,,0,3,FALSE,NOT_EVALUATED,FALSE,FALSE,FALSE
E5_REJECTED,38.0,Proposed Two-Gate Authorization,uA,33.0,38.0,,0,,0,3,FALSE,NOT_EVALUATED,FALSE,FALSE,FALSE
E5_REJECTED,38.0,Corroboration-Only Authorization (No GCS Gate),uA,33.0,38.0,,0,,0,3,FALSE,NOT_EVALUATED,FALSE,FALSE,FALSE
E5_REJECTED,39.0,Proposed Two-Gate Authorization,uA,34.0,39.0,,0,,0,3,FALSE,NOT_EVALUATED,FALSE,FALSE,FALSE
E5_REJECTED,39.0,Corroboration-Only Authorization (No GCS Gate),uA,34.0,39.0,,0,,0,3,FALSE,NOT_EVALUATED,FALSE,FALSE,FALSE
E5_REJECTED,40.0,Proposed Two-Gate Authorization,uA,35.0,40.0,,0,,0,3,FALSE,NOT_EVALUATED,FALSE,FALSE,FALSE
E5_REJECTED,40.0,Corroboration-Only Authorization (No GCS Gate),uA,35.0,40.0,,0,,0,3,FALSE,NOT_EVALUATED,FALSE,FALSE,FALSE
E5_REJECTED,41.0,Proposed Two-Gate Authorization,uA,36.0,41.0,,0,,0,3,FALSE,NOT_EVALUATED,FALSE,FALSE,FALSE
E5_REJECTED,41.0,Corroboration-Only Authorization (No GCS Gate),uA,36.0,41.0,,0,,0,3,FALSE,NOT_EVALUATED,FALSE,FALSE,FALSE
E5_REJECTED,42.0,Proposed Two-Gate Authorization,uA,37.0,42.0,,0,,0,3,FALSE,NOT_EVALUATED,FALSE,FALSE,FALSE
E5_REJECTED,42.0,Corroboration-Only Authorization (No GCS Gate),uA,37.0,42.0,,0,,0,3,FALSE,NOT_EVALUATED,FALSE,FALSE,FALSE
E5_REJECTED,43.0,Proposed Two-Gate Authorization,uA,38.0,43.0,,0,,0,3,FALSE,NOT_EVALUATED,FALSE,FALSE,FALSE
E5_REJECTED,43.0,Corroboration-Only Authorization (No GCS Gate),uA,38.0,43.0,,0,,0,3,FALSE,NOT_EVALUATED,FALSE,FALSE,FALSE
E5_REJECTED,44.0,Proposed Two-Gate Authorization,uA,39.0,44.0,,0,,0,3,FALSE,NOT_EVALUATED,FALSE,FALSE,FALSE
E5_REJECTED,44.0,Corroboration-Only Authorization (No GCS Gate),uA,39.0,44.0,,0,,0,3,FALSE,NOT_EVALUATED,FALSE,FALSE,FALSE
E5_REJECTED,45.0,Proposed Two-Gate Authorization,uA,40.0,45.0,,0,,0,3,FALSE,NOT_EVALUATED,FALSE,FALSE,FALSE
E5_REJECTED,45.0,Corroboration-Only Authorization (No GCS Gate),uA,40.0,45.0,,0,,0,3,FALSE,NOT_EVALUATED,FALSE,FALSE,FALSE
E5_REJECTED,46.0,Proposed Two-Gate Authorization,uA,41.0,46.0,,0,,0,3,FALSE,NOT_EVALUATED,FALSE,FALSE,FALSE
E5_REJECTED,46.0,Corroboration-Only Authorization (No GCS Gate),uA,41.0,46.0,,0,,0,3,FALSE,NOT_EVALUATED,FALSE,FALSE,FALSE
E5_REJECTED,47.0,Proposed Two-Gate Authorization,uA,42.0,47.0,,0,,0,3,FALSE,NOT_EVALUATED,FALSE,FALSE,FALSE
E5_REJECTED,47.0,Corroboration-Only Authorization (No GCS Gate),uA,42.0,47.0,,0,,0,3,FALSE,NOT_EVALUATED,FALSE,FALSE,FALSE
E5_REJECTED,48.0,Proposed Two-Gate Authorization,uA,43.0,48.0,,0,,0,3,FALSE,NOT_EVALUATED,FALSE,FALSE,FALSE
E5_REJECTED,48.0,Corroboration-Only Authorization (No GCS Gate),uA,43.0,48.0,,0,,0,3,FALSE,NOT_EVALUATED,FALSE,FALSE,FALSE
E5_REJECTED,49.0,Proposed Two-Gate Authorization,uA,44.0,49.0,,0,,0,3,FALSE,NOT_EVALUATED,FALSE,FALSE,FALSE
E5_REJECTED,49.0,Corroboration-Only Authorization (No GCS Gate),uA,44.0,49.0,,0,,0,3,FALSE,NOT_EVALUATED,FALSE,FALSE,FALSE
E5_REJECTED,50.0,Proposed Two-Gate Authorization,uA,45.0,50.0,,0,,0,3,FALSE,NOT_EVALUATED,FALSE,FALSE,FALSE
E5_REJECTED,50.0,Corroboration-Only Authorization (No GCS Gate),uA,45.0,50.0,,0,,0,3,FALSE,NOT_EVALUATED,FALSE,FALSE,FALSE
E5_REJECTED,51.0,Proposed Two-Gate Authorization,uA,46.0,51.0,,0,,0,3,FALSE,NOT_EVALUATED,FALSE,FALSE,FALSE
E5_REJECTED,51.0,Corroboration-Only Authorization (No GCS Gate),uA,46.0,51.0,,0,,0,3,FALSE,NOT_EVALUATED,FALSE,FALSE,FALSE
E5_REJECTED,52.0,Proposed Two-Gate Authorization,uA,47.0,52.0,,0,,0,3,FALSE,NOT_EVALUATED,FALSE,FALSE,FALSE
E5_REJECTED,52.0,Corroboration-Only Authorization (No GCS Gate),uA,47.0,52.0,,0,,0,3,FALSE,NOT_EVALUATED,FALSE,FALSE,FALSE
E5_REJECTED,53.0,Proposed Two-Gate Authorization,uA,48.0,53.0,,0,,0,3,FALSE,NOT_EVALUATED,FALSE,FALSE,FALSE
E5_REJECTED,53.0,Corroboration-Only Authorization (No GCS Gate),uA,48.0,53.0,,0,,0,3,FALSE,NOT_EVALUATED,FALSE,FALSE,FALSE
E5_REJECTED,54.0,Proposed Two-Gate Authorization,uA,49.0,54.0,,0,,0,3,FALSE,NOT_EVALUATED,FALSE,FALSE,FALSE
E5_REJECTED,54.0,Corroboration-Only Authorization (No GCS Gate),uA,49.0,54.0,,0,,0,3,FALSE,NOT_EVALUATED,FALSE,FALSE,FALSE
E5_REJECTED,55.0,Proposed Two-Gate Authorization,uA,50.0,55.0,,0,,0,3,FALSE,NOT_EVALUATED,FALSE,FALSE,FALSE
E5_REJECTED,55.0,Corroboration-Only Authorization (No GCS Gate),uA,50.0,55.0,,0,,0,3,FALSE,NOT_EVALUATED,FALSE,FALSE,FALSE
E5_REJECTED,56.0,Proposed Two-Gate Authorization,uA,51.0,56.0,,0,,0,3,FALSE,NOT_EVALUATED,FALSE,FALSE,FALSE
E5_REJECTED,56.0,Corroboration-Only Authorization (No GCS Gate),uA,51.0,56.0,,0,,0,3,FALSE,NOT_EVALUATED,FALSE,FALSE,FALSE
E5_REJECTED,57.0,Proposed Two-Gate Authorization,uA,52.0,57.0,,0,,0,3,FALSE,NOT_EVALUATED,FALSE,FALSE,FALSE
E5_REJECTED,57.0,Corroboration-Only Authorization (No GCS Gate),uA,52.0,57.0,,0,,0,3,FALSE,NOT_EVALUATED,FALSE,FALSE,FALSE
E5_REJECTED,58.0,Proposed Two-Gate Authorization,uA,53.0,58.0,,0,,0,3,FALSE,NOT_EVALUATED,FALSE,FALSE,FALSE
E5_REJECTED,58.0,Corroboration-Only Authorization (No GCS Gate),uA,53.0,58.0,,0,,0,3,FALSE,NOT_EVALUATED,FALSE,FALSE,FALSE
E5_REJECTED,59.0,Proposed Two-Gate Authorization,uA,54.0,59.0,,0,,0,3,FALSE,NOT_EVALUATED,FALSE,FALSE,FALSE
E5_REJECTED,59.0,Corroboration-Only Authorization (No GCS Gate),uA,54.0,59.0,,0,,0,3,FALSE,NOT_EVALUATED,FALSE,FALSE,FALSE
